time_s,value
5.04,99.265869140625
5.1,99.265869140625
5.16,99.265869140625
5.22,99.265869140625
5.28,99.265869140625
5.34,99.265869140625
5.4,99.265869140625
5.46,99.265869140625
5.52,99.265869140625
5.58,99.265869140625
5.64,99.265869140625
5.7,99.265869140625
5.76,99.265869140625
5.82,99.265869140625
5.88,99.265869140625
5.94,99.265869140625
6,99.265869140625
6.06,99.265869140625
6.12,99.265869140625
6.18,99.265869140625
6.24,99.265869140625
6.3,99.265869140625
6.36,99.265869140625
6.42,99.265869140625
6.48,99.265869140625
6.54,99.265869140625
6.6,99.265869140625
6.66,99.265869140625
6.72,99.265869140625
6.78,99.265869140625
6.84,99.265869140625
6.9,99.265869140625
6.96,99.265869140625
7.02,99.265869140625
7.08,99.265869140625
7.14,99.265869140625
7.2,99.265869140625
7.26,99.265869140625
7.32,99.265869140625
7.38,99.265869140625
7.44,99.265869140625
7.5,99.265869140625
7.56,99.265869140625
7.62,99.265869140625
7.68,99.265869140625
7.74,99.265869140625
7.8,99.265869140625
7.86,99.265869140625
7.92,99.265869140625
7.98,99.265869140625
8.04,99.265869140625
8.1,99.265869140625
8.16,149.400146484375
8.22,149.400146484375
8.28,149.400146484375
8.34,149.400146484375
8.4,149.400146484375
8.46,149.400146484375
8.52,149.400146484375
8.58,149.400146484375
8.64,149.400146484375
8.7,149.400146484375
8.76,149.400146484375
8.82,149.400146484375
8.88,149.400146484375
8.94,149.400146484375
9,149.400146484375
9.06,149.400146484375
9.12,149.400146484375
9.18,149.400146484375
9.24,149.400146484375
9.3,149.400146484375
9.36,149.400146484375
9.42,149.400146484375
9.48,149.400146484375
9.54,149.400146484375
9.6,149.400146484375
9.66,149.400146484375
9.72,149.400146484375
9.78,149.400146484375
9.84,149.400146484375
9.9,149.400146484375
9.96,149.400146484375
10.02,149.400146484375
10.08,149.400146484375
10.14,149.400146484375
10.2,149.400146484375
10.26,149.400146484375
10.32,149.400146484375
10.38,149.400146484375
10.44,149.400146484375
10.5,149.400146484375
10.56,149.400146484375
10.62,149.400146484375
10.68,149.400146484375
10.74,149.400146484375
10.8,149.400146484375
10.86,149.400146484375
10.92,149.400146484375
10.98,149.400146484375
11.04,149.400146484375
11.1,199.534423828125
11.16,199.534423828125
11.22,199.534423828125
11.28,199.534423828125
11.34,199.534423828125
11.4,199.534423828125
11.46,199.534423828125
11.52,199.534423828125
11.58,199.534423828125
11.64,199.534423828125
11.7,199.534423828125
11.76,199.534423828125
11.82,199.534423828125
11.88,199.534423828125
11.94,199.534423828125
12,199.534423828125
12.06,199.534423828125
12.12,199.534423828125
12.18,199.534423828125
12.24,199.534423828125
12.3,199.534423828125
12.36,199.534423828125
12.42,199.534423828125
12.48,199.534423828125
12.54,199.534423828125
12.6,199.534423828125
12.66,199.534423828125
12.72,199.534423828125
12.78,199.534423828125
12.84,199.534423828125
12.9,199.534423828125
12.96,199.534423828125
13.02,199.534423828125
13.08,199.534423828125
13.14,199.534423828125
13.2,199.534423828125
13.26,199.534423828125
13.32,199.534423828125
13.38,199.534423828125
13.44,199.534423828125
13.5,199.534423828125
13.56,199.534423828125
13.62,199.534423828125
13.68,199.534423828125
13.74,199.534423828125
13.8,199.534423828125
13.86,199.534423828125
13.92,199.534423828125
13.98,199.534423828125
14.04,199.534423828125
14.1,199.534423828125
14.16,249.668701171875
14.22,249.668701171875
14.28,249.668701171875
14.34,249.668701171875
14.4,249.668701171875
14.46,249.668701171875
14.52,249.668701171875
14.58,249.668701171875
14.64,249.668701171875
14.7,249.668701171875
14.76,249.668701171875
14.82,249.668701171875
14.88,249.668701171875
14.94,249.668701171875
15,249.668701171875
15.06,249.668701171875
15.12,249.668701171875
15.18,249.668701171875
15.24,249.668701171875
15.3,249.668701171875
15.36,249.668701171875
15.42,249.668701171875
15.48,249.668701171875
15.54,249.668701171875
15.6,249.668701171875
15.66,249.668701171875
15.72,249.668701171875
15.78,249.668701171875
15.84,249.668701171875
15.9,249.668701171875
15.96,249.668701171875
16.02,249.668701171875
16.08,249.668701171875
16.14,249.668701171875
16.2,249.668701171875
16.26,249.668701171875
16.32,249.668701171875
16.38,249.668701171875
16.44,249.668701171875
16.5,249.668701171875
16.56,249.668701171875
16.62,249.668701171875
16.68,249.668701171875
16.74,249.668701171875
16.8,249.668701171875
16.86,249.668701171875
16.92,249.668701171875
16.98,249.668701171875
17.04,249.668701171875
17.1,299.802978515625
17.16,299.802978515625
17.22,299.802978515625
17.28,299.802978515625
17.34,299.802978515625
17.4,299.802978515625
17.46,299.802978515625
17.52,299.802978515625
17.58,299.802978515625
17.64,299.802978515625
17.7,299.802978515625
17.76,299.802978515625
17.82,299.802978515625
17.88,299.802978515625
17.94,299.802978515625
18,299.802978515625
18.06,299.802978515625
18.12,299.802978515625
18.18,299.802978515625
18.24,299.802978515625
18.3,299.802978515625
18.36,299.802978515625
18.42,299.802978515625
18.48,299.802978515625
18.54,299.802978515625
18.6,299.802978515625
18.66,299.802978515625
18.72,299.802978515625
18.78,299.802978515625
18.84,299.802978515625
18.9,299.802978515625
18.96,299.802978515625
19.02,299.802978515625
19.08,299.802978515625
19.14,299.802978515625
19.2,299.802978515625
19.26,299.802978515625
19.32,299.802978515625
19.38,299.802978515625
19.44,299.802978515625
19.5,299.802978515625
19.56,299.802978515625
19.62,299.802978515625
19.68,299.802978515625
19.74,299.802978515625
19.8,299.802978515625
19.86,299.802978515625
19.92,299.802978515625
19.98,299.802978515625
20.04,299.802978515625
20.1,299.802978515625
20.16,349.937255859375
20.22,349.937255859375
20.28,349.937255859375
20.34,349.937255859375
20.4,349.937255859375
20.46,349.937255859375
20.52,349.937255859375
20.58,349.937255859375
20.64,349.937255859375
20.7,349.937255859375
20.76,349.937255859375
20.82,349.937255859375
20.88,349.937255859375
20.94,349.937255859375
21,349.937255859375
21.06,349.937255859375
21.12,349.937255859375
21.18,349.937255859375
21.24,349.937255859375
21.3,349.937255859375
21.36,349.937255859375
21.42,349.937255859375
21.48,349.937255859375
21.54,349.937255859375
21.6,349.937255859375
21.66,349.937255859375
21.72,349.937255859375
21.78,349.937255859375
21.84,349.937255859375
21.9,349.937255859375
21.96,349.937255859375
22.02,349.937255859375
22.08,349.937255859375
22.14,349.937255859375
22.2,349.937255859375
22.26,349.937255859375
22.32,349.937255859375
22.38,349.937255859375
22.44,349.937255859375
22.5,349.937255859375
22.56,349.937255859375
22.62,349.937255859375
22.68,349.937255859375
22.74,349.937255859375
22.8,349.937255859375
22.86,349.937255859375
22.92,349.937255859375
22.98,349.937255859375
23.04,349.937255859375
23.1,349.937255859375
23.16,399.06884765625
23.22,399.06884765625
23.28,399.06884765625
23.34,399.06884765625
23.4,399.06884765625
23.46,399.06884765625
23.52,399.06884765625
23.58,399.06884765625
23.64,399.06884765625
23.7,399.06884765625
23.76,399.06884765625
23.82,399.06884765625
23.88,399.06884765625
23.94,399.06884765625
24,399.06884765625
24.06,399.06884765625
24.12,399.06884765625
24.18,399.06884765625
24.24,399.06884765625
24.3,399.06884765625
24.36,399.06884765625
24.42,399.06884765625
24.48,399.06884765625
24.54,399.06884765625
24.6,399.06884765625
24.66,399.06884765625
24.72,399.06884765625
24.78,399.06884765625
24.84,399.06884765625
24.9,399.06884765625
24.96,399.06884765625
25.02,399.06884765625
25.08,399.06884765625
25.14,399.06884765625
25.2,399.06884765625
25.26,399.06884765625
25.32,399.06884765625
25.38,399.06884765625
25.44,399.06884765625
25.5,399.06884765625
25.56,399.06884765625
25.62,399.06884765625
25.68,399.06884765625
25.74,399.06884765625
25.8,399.06884765625
25.86,399.06884765625
25.92,399.06884765625
25.98,399.06884765625
26.04,399.06884765625
26.1,449.203125
26.16,449.203125
26.22,449.203125
26.28,449.203125
26.34,449.203125
26.4,449.203125
26.46,449.203125
26.52,449.203125
26.58,449.203125
26.64,449.203125
26.7,449.203125
26.76,449.203125
26.82,449.203125
26.88,449.203125
26.94,449.203125
27,449.203125
27.06,449.203125
27.12,449.203125
27.18,449.203125
27.24,449.203125
27.3,449.203125
27.36,449.203125
27.42,449.203125
27.48,449.203125
27.54,449.203125
27.6,449.203125
27.66,449.203125
27.72,449.203125
27.78,449.203125
27.84,449.203125
27.9,449.203125
27.96,449.203125
28.02,449.203125
28.08,449.203125
28.14,449.203125
28.2,449.203125
28.26,449.203125
28.32,449.203125
28.38,449.203125
28.44,449.203125
28.5,449.203125
28.56,449.203125
28.62,449.203125
28.68,449.203125
28.74,449.203125
28.8,449.203125
28.86,449.203125
28.92,449.203125
28.98,449.203125
29.04,449.203125
29.1,449.203125
29.16,499.33740234375
29.22,499.33740234375
29.28,499.33740234375
29.34,499.33740234375
29.4,499.33740234375
29.46,499.33740234375
29.52,499.33740234375
29.58,499.33740234375
29.64,499.33740234375
29.7,499.33740234375
29.76,499.33740234375
29.82,499.33740234375
29.88,499.33740234375
29.94,499.33740234375
30,499.33740234375
30.06,499.33740234375
30.12,499.33740234375
30.18,499.33740234375
30.24,499.33740234375
30.3,499.33740234375
30.36,499.33740234375
30.42,499.33740234375
30.48,499.33740234375
30.54,499.33740234375
30.6,499.33740234375
30.66,499.33740234375
30.72,499.33740234375
30.78,499.33740234375
30.84,499.33740234375
30.9,499.33740234375
30.96,499.33740234375
31.02,499.33740234375
31.08,499.33740234375
31.14,499.33740234375
31.2,499.33740234375
31.26,499.33740234375
31.32,499.33740234375
31.38,499.33740234375
31.44,499.33740234375
31.5,499.33740234375
31.56,499.33740234375
31.62,499.33740234375
31.68,499.33740234375
31.74,499.33740234375
31.8,499.33740234375
31.86,499.33740234375
31.92,499.33740234375
31.98,499.33740234375
32.04,499.33740234375
32.1,549.4716796875
32.16,549.4716796875
32.22,549.4716796875
32.28,549.4716796875
32.34,549.4716796875
32.4,549.4716796875
32.46,549.4716796875
32.52,549.4716796875
32.58,549.4716796875
32.64,549.4716796875
32.7,549.4716796875
32.76,549.4716796875
32.82,549.4716796875
32.88,549.4716796875
32.94,549.4716796875
33,549.4716796875
33.06,549.4716796875
33.12,549.4716796875
33.18,549.4716796875
33.24,549.4716796875
33.3,549.4716796875
33.36,549.4716796875
33.42,549.4716796875
33.48,549.4716796875
33.54,549.4716796875
33.6,549.4716796875
33.66,549.4716796875
33.72,549.4716796875
33.78,549.4716796875
33.84,549.4716796875
33.9,549.4716796875
33.96,549.4716796875
34.02,549.4716796875
34.08,549.4716796875
34.14,549.4716796875
34.2,549.4716796875
34.26,549.4716796875
34.32,549.4716796875
34.38,549.4716796875
34.44,549.4716796875
34.5,549.4716796875
34.56,549.4716796875
34.62,549.4716796875
34.68,549.4716796875
34.74,549.4716796875
34.8,549.4716796875
34.86,549.4716796875
34.92,549.4716796875
34.98,549.4716796875
35.04,549.4716796875
35.1,549.4716796875
35.16,599.60595703125
35.22,599.60595703125
35.28,599.60595703125
35.34,599.60595703125
35.4,599.60595703125
35.46,599.60595703125
35.52,599.60595703125
35.58,599.60595703125
35.64,599.60595703125
35.7,599.60595703125
35.76,599.60595703125
35.82,599.60595703125
35.88,599.60595703125
35.94,599.60595703125
36,599.60595703125
36.06,599.60595703125
36.12,599.60595703125
36.18,599.60595703125
36.24,599.60595703125
36.3,599.60595703125
36.36,599.60595703125
36.42,599.60595703125
36.48,599.60595703125
36.54,599.60595703125
36.6,599.60595703125
36.66,599.60595703125
36.72,599.60595703125
36.78,599.60595703125
36.84,599.60595703125
36.9,599.60595703125
36.96,599.60595703125
37.02,599.60595703125
37.08,599.60595703125
37.14,599.60595703125
37.2,599.60595703125
37.26,599.60595703125
37.32,599.60595703125
37.38,599.60595703125
37.44,599.60595703125
37.5,599.60595703125
37.56,599.60595703125
37.62,599.60595703125
37.68,599.60595703125
37.74,599.60595703125
37.8,599.60595703125
37.86,599.60595703125
37.92,599.60595703125
37.98,599.60595703125
38.04,599.60595703125
38.1,649.740234375
38.16,649.740234375
38.22,649.740234375
38.28,649.740234375
38.34,649.740234375
38.4,649.740234375
38.46,649.740234375
38.52,649.740234375
38.58,649.740234375
38.64,649.740234375
38.7,649.740234375
38.76,649.740234375
38.82,649.740234375
38.88,649.740234375
38.94,649.740234375
39,649.740234375
39.06,649.740234375
39.12,649.740234375
39.18,649.740234375
39.24,649.740234375
39.3,649.740234375
39.36,649.740234375
39.42,649.740234375
39.48,649.740234375
39.54,649.740234375
39.6,649.740234375
39.66,649.740234375
39.72,649.740234375
39.78,649.740234375
39.84,649.740234375
39.9,649.740234375
39.96,649.740234375
40.02,649.740234375
40.08,649.740234375
40.14,649.740234375
40.2,649.740234375
40.26,649.740234375
40.32,649.740234375
40.38,649.740234375
40.44,649.740234375
40.5,649.740234375
40.56,649.740234375
40.62,649.740234375
40.68,649.740234375
40.74,649.740234375
40.8,649.740234375
40.86,649.740234375
40.92,649.740234375
40.98,649.740234375
41.04,649.740234375
41.1,649.740234375
41.16,699.87451171875
41.22,699.87451171875
41.28,699.87451171875
41.34,699.87451171875
41.4,699.87451171875
41.46,699.87451171875
41.52,699.87451171875
41.58,699.87451171875
41.64,699.87451171875
41.7,699.87451171875
41.76,699.87451171875
41.82,699.87451171875
41.88,699.87451171875
41.94,699.87451171875
42,699.87451171875
42.06,699.87451171875
42.12,699.87451171875
42.18,699.87451171875
42.24,699.87451171875
42.3,699.87451171875
42.36,699.87451171875
42.42,699.87451171875
42.48,699.87451171875
42.54,699.87451171875
42.6,699.87451171875
42.66,699.87451171875
42.72,699.87451171875
42.78,699.87451171875
42.84,699.87451171875
42.9,699.87451171875
42.96,699.87451171875
43.02,699.87451171875
43.08,699.87451171875
43.14,699.87451171875
43.2,699.87451171875
43.26,699.87451171875
43.32,699.87451171875
43.38,699.87451171875
43.44,699.87451171875
43.5,699.87451171875
43.56,699.87451171875
43.62,699.87451171875
43.68,699.87451171875
43.74,699.87451171875
43.8,699.87451171875
43.86,699.87451171875
43.92,699.87451171875
43.98,699.87451171875
44.04,699.87451171875
44.1,749.006103515625
44.16,749.006103515625
44.22,749.006103515625
44.28,749.006103515625
44.34,749.006103515625
44.4,749.006103515625
44.46,749.006103515625
44.52,749.006103515625
44.58,749.006103515625
44.64,749.006103515625
44.7,749.006103515625
44.76,749.006103515625
44.82,749.006103515625
44.88,749.006103515625
44.94,749.006103515625
45,749.006103515625
45.06,749.006103515625
45.12,749.006103515625
45.18,749.006103515625
45.24,749.006103515625
45.3,749.006103515625
45.36,749.006103515625
45.42,749.006103515625
45.48,749.006103515625
45.54,749.006103515625
45.6,749.006103515625
45.66,749.006103515625
45.72,749.006103515625
45.78,749.006103515625
45.84,749.006103515625
45.9,749.006103515625
45.96,749.006103515625
46.02,749.006103515625
46.08,749.006103515625
46.14,749.006103515625
46.2,749.006103515625
46.26,749.006103515625
46.32,749.006103515625
46.38,749.006103515625
46.44,749.006103515625
46.5,749.006103515625
46.56,749.006103515625
46.62,749.006103515625
46.68,749.006103515625
46.74,749.006103515625
46.8,749.006103515625
46.86,749.006103515625
46.92,749.006103515625
46.98,749.006103515625
47.04,749.006103515625
47.1,749.006103515625
47.16,799.140380859375
47.22,799.140380859375
47.28,799.140380859375
47.34,799.140380859375
47.4,799.140380859375
47.46,799.140380859375
47.52,799.140380859375
47.58,799.140380859375
47.64,799.140380859375
47.7,799.140380859375
47.76,799.140380859375
47.82,799.140380859375
47.88,799.140380859375
47.94,799.140380859375
48,799.140380859375
48.06,799.140380859375
48.12,799.140380859375
48.18,799.140380859375
48.24,799.140380859375
48.3,799.140380859375
48.36,799.140380859375
48.42,799.140380859375
48.48,799.140380859375
48.54,799.140380859375
48.6,799.140380859375
48.66,799.140380859375
48.72,799.140380859375
48.78,799.140380859375
48.84,799.140380859375
48.9,799.140380859375
48.96,799.140380859375
49.02,799.140380859375
49.08,799.140380859375
49.14,799.140380859375
49.2,799.140380859375
49.26,799.140380859375
49.32,799.140380859375
49.38,799.140380859375
49.44,799.140380859375
49.5,799.140380859375
49.56,799.140380859375
49.62,799.140380859375
49.68,799.140380859375
49.74,799.140380859375
49.8,799.140380859375
49.86,799.140380859375
49.92,799.140380859375
49.98,799.140380859375
50.04,799.140380859375
50.1,849.274658203125
50.16,849.274658203125
50.22,849.274658203125
50.28,849.274658203125
50.34,849.274658203125
50.4,849.274658203125
50.46,849.274658203125
50.52,849.274658203125
50.58,849.274658203125
50.64,849.274658203125
50.7,849.274658203125
50.76,849.274658203125
50.82,849.274658203125
50.88,849.274658203125
50.94,849.274658203125
51,849.274658203125
51.06,849.274658203125
51.12,849.274658203125
51.18,849.274658203125
51.24,849.274658203125
51.3,849.274658203125
51.36,849.274658203125
51.42,849.274658203125
51.48,849.274658203125
51.54,849.274658203125
51.6,849.274658203125
51.66,849.274658203125
51.72,849.274658203125
51.78,849.274658203125
51.84,849.274658203125
51.9,849.274658203125
51.96,849.274658203125
52.02,849.274658203125
52.08,849.274658203125
52.14,849.274658203125
52.2,849.274658203125
52.26,849.274658203125
52.32,849.274658203125
52.38,849.274658203125
52.44,849.274658203125
52.5,849.274658203125
52.56,849.274658203125
52.62,849.274658203125
52.68,849.274658203125
52.74,849.274658203125
52.8,849.274658203125
52.86,849.274658203125
52.92,849.274658203125
52.98,849.274658203125
53.04,849.274658203125
53.1,849.274658203125
53.16,899.408935546875
53.22,899.408935546875
53.28,899.408935546875
53.34,899.408935546875
53.4,899.408935546875
53.46,899.408935546875
53.52,899.408935546875
53.58,899.408935546875
53.64,899.408935546875
53.7,899.408935546875
53.76,899.408935546875
53.82,899.408935546875
53.88,899.408935546875
53.94,899.408935546875
54,899.408935546875
54.06,899.408935546875
54.12,899.408935546875
54.18,899.408935546875
54.24,899.408935546875
54.3,899.408935546875
54.36,899.408935546875
54.42,899.408935546875
54.48,899.408935546875
54.54,899.408935546875
54.6,899.408935546875
54.66,899.408935546875
54.72,899.408935546875
54.78,899.408935546875
54.84,899.408935546875
54.9,899.408935546875
54.96,899.408935546875
55.02,899.408935546875
55.08,899.408935546875
55.14,899.408935546875
55.2,899.408935546875
55.26,899.408935546875
55.32,899.408935546875
55.38,899.408935546875
55.44,899.408935546875
55.5,899.408935546875
55.56,899.408935546875
55.62,899.408935546875
55.68,899.408935546875
55.74,899.408935546875
55.8,899.408935546875
55.86,899.408935546875
55.92,899.408935546875
55.98,899.408935546875
56.04,899.408935546875
56.1,949.543212890625
56.16,949.543212890625
56.22,949.543212890625
56.28,949.543212890625
56.34,949.543212890625
56.4,949.543212890625
56.46,949.543212890625
56.52,949.543212890625
56.58,949.543212890625
56.64,949.543212890625
56.7,949.543212890625
56.76,949.543212890625
56.82,949.543212890625
56.88,949.543212890625
56.94,949.543212890625
57,949.543212890625
57.06,949.543212890625
57.12,949.543212890625
57.18,949.543212890625
57.24,949.543212890625
57.3,949.543212890625
57.36,949.543212890625
57.42,949.543212890625
57.48,949.543212890625
57.54,949.543212890625
57.6,949.543212890625
57.66,949.543212890625
57.72,949.543212890625
57.78,949.543212890625
57.84,949.543212890625
57.9,949.543212890625
57.96,949.543212890625
58.02,949.543212890625
58.08,949.543212890625
58.14,949.543212890625
58.2,949.543212890625
58.26,949.543212890625
58.32,949.543212890625
58.38,949.543212890625
58.44,949.543212890625
58.5,949.543212890625
58.56,949.543212890625
58.62,949.543212890625
58.68,949.543212890625
58.74,949.543212890625
58.8,949.543212890625
58.86,949.543212890625
58.92,949.543212890625
58.98,949.543212890625
59.04,949.543212890625
59.1,999.677490234375
59.16,999.677490234375
59.22,999.677490234375
59.28,999.677490234375
59.34,999.677490234375
59.4,999.677490234375
59.46,999.677490234375
59.52,999.677490234375
59.58,999.677490234375
59.64,999.677490234375
59.7,999.677490234375
59.76,999.677490234375
59.82,999.677490234375
59.88,999.677490234375
59.94,999.677490234375
60,999.677490234375
60.06,999.677490234375
60.12,999.677490234375
60.18,999.677490234375
60.24,999.677490234375
60.3,999.677490234375
60.36,999.677490234375
60.42,999.677490234375
60.48,999.677490234375
60.54,999.677490234375
60.6,999.677490234375
60.66,999.677490234375
60.72,999.677490234375
60.78,999.677490234375
60.84,999.677490234375
60.9,999.677490234375
60.96,999.677490234375
61.02,999.677490234375
61.08,999.677490234375
61.14,999.677490234375
61.2,999.677490234375
61.26,999.677490234375
61.32,999.677490234375
61.38,999.677490234375
61.44,999.677490234375
61.5,999.677490234375
61.56,999.677490234375
61.62,999.677490234375
61.68,999.677490234375
61.74,999.677490234375
61.8,999.677490234375
61.86,999.677490234375
61.92,999.677490234375
61.98,999.677490234375
62.04,999.677490234375
62.1,999.677490234375
62.16,1049.81176757812
62.22,1049.81176757812
62.28,1049.81176757812
62.34,1049.81176757812
62.4,1049.81176757812
62.46,1049.81176757812
62.52,1049.81176757812
62.58,1049.81176757812
62.64,1049.81176757812
62.7,1049.81176757812
62.76,1049.81176757812
62.82,1049.81176757812
62.88,1049.81176757812
62.94,1049.81176757812
63,1049.81176757812
63.06,1049.81176757812
63.12,1049.81176757812
63.18,1049.81176757812
63.24,1049.81176757812
63.3,1049.81176757812
63.36,1049.81176757812
63.42,1049.81176757812
63.48,1049.81176757812
63.54,1049.81176757812
63.6,1049.81176757812
63.66,1049.81176757812
63.72,1049.81176757812
63.78,1049.81176757812
63.84,1049.81176757812
63.9,1049.81176757812
63.96,1049.81176757812
64.02,1049.81176757812
64.08,1049.81176757812
64.14,1049.81176757812
64.2,1049.81176757812
64.26,1049.81176757812
64.32,1049.81176757812
64.38,1049.81176757812
64.44,1049.81176757812
64.5,1049.81176757812
64.56,1049.81176757812
64.62,1049.81176757812
64.68,1049.81176757812
64.74,1049.81176757812
64.8,1049.81176757812
64.86,1049.81176757812
64.92,1049.81176757812
64.98,1049.81176757812
65.04,1049.81176757812
65.1,1099.94604492188
65.16,1099.94604492188
65.22,1099.94604492188
65.28,1099.94604492188
65.34,1099.94604492188
65.4,1099.94604492188
65.46,1099.94604492188
65.52,1099.94604492188
65.58,1099.94604492188
65.64,1099.94604492188
65.7,1099.94604492188
65.76,1099.94604492188
65.82,1099.94604492188
65.88,1099.94604492188
65.94,1099.94604492188
66,1099.94604492188
66.06,1099.94604492188
66.12,1099.94604492188
66.18,1099.94604492188
66.24,1099.94604492188
66.3,1099.94604492188
66.36,1099.94604492188
66.42,1099.94604492188
66.48,1099.94604492188
66.54,1099.94604492188
66.6,1099.94604492188
66.66,1099.94604492188
66.72,1099.94604492188
66.78,1099.94604492188
66.84,1099.94604492188
66.9,1099.94604492188
66.96,1099.94604492188
67.02,1099.94604492188
67.08,1099.94604492188
67.14,1099.94604492188
67.2,1099.94604492188
67.26,1099.94604492188
67.32,1099.94604492188
67.38,1099.94604492188
67.44,1099.94604492188
67.5,1099.94604492188
67.56,1099.94604492188
67.62,1099.94604492188
67.68,1099.94604492188
67.74,1099.94604492188
67.8,1099.94604492188
67.86,1099.94604492188
67.92,1099.94604492188
67.98,1099.94604492188
68.04,1099.94604492188
68.1,1099.94604492188
68.16,1149.07763671875
68.22,1149.07763671875
68.28,1149.07763671875
68.34,1149.07763671875
68.4,1149.07763671875
68.46,1149.07763671875
68.52,1149.07763671875
68.58,1149.07763671875
68.64,1149.07763671875
68.7,1149.07763671875
68.76,1149.07763671875
68.82,1149.07763671875
68.88,1149.07763671875
68.94,1149.07763671875
69,1149.07763671875
69.06,1149.07763671875
69.12,1149.07763671875
69.18,1149.07763671875
69.24,1149.07763671875
69.3,1149.07763671875
69.36,1149.07763671875
69.42,1149.07763671875
69.48,1149.07763671875
69.54,1149.07763671875
69.6,1149.07763671875
69.66,1149.07763671875
69.72,1149.07763671875
69.78,1149.07763671875
69.84,1149.07763671875
69.9,1149.07763671875
69.96,1149.07763671875
70.02,1149.07763671875
70.08,1149.07763671875
70.14,1149.07763671875
70.2,1149.07763671875
70.26,1149.07763671875
70.32,1149.07763671875
70.38,1149.07763671875
70.44,1149.07763671875
70.5,1149.07763671875
70.56,1149.07763671875
70.62,1149.07763671875
70.68,1149.07763671875
70.74,1149.07763671875
70.8,1149.07763671875
70.86,1149.07763671875
70.92,1149.07763671875
70.98,1149.07763671875
71.04,1149.07763671875
71.1,1199.2119140625
71.16,1199.2119140625
71.22,1199.2119140625
71.28,1199.2119140625
71.34,1199.2119140625
71.4,1199.2119140625
71.46,1199.2119140625
71.52,1199.2119140625
71.58,1199.2119140625
71.64,1199.2119140625
71.7,1199.2119140625
71.76,1199.2119140625
71.82,1199.2119140625
71.88,1199.2119140625
71.94,1199.2119140625
72,1199.2119140625
72.06,1199.2119140625
72.12,1199.2119140625
72.18,1199.2119140625
72.24,1199.2119140625
72.3,1199.2119140625
72.36,1199.2119140625
72.42,1199.2119140625
72.48,1199.2119140625
72.54,1199.2119140625
72.6,1199.2119140625
72.66,1199.2119140625
72.72,1199.2119140625
72.78,1199.2119140625
72.84,1199.2119140625
72.9,1199.2119140625
72.96,1199.2119140625
73.02,1199.2119140625
73.08,1199.2119140625
73.14,1199.2119140625
73.2,1199.2119140625
73.26,1199.2119140625
73.32,1199.2119140625
73.38,1199.2119140625
73.44,1199.2119140625
73.5,1199.2119140625
73.56,1199.2119140625
73.62,1199.2119140625
73.68,1199.2119140625
73.74,1199.2119140625
73.8,1199.2119140625
73.86,1199.2119140625
73.92,1199.2119140625
73.98,1199.2119140625
74.04,1199.2119140625
74.1,1199.2119140625
74.16,1249.34619140625
74.22,1249.34619140625
74.28,1249.34619140625
74.34,1249.34619140625
74.4,1249.34619140625
74.46,1249.34619140625
74.52,1249.34619140625
74.58,1249.34619140625
74.64,1249.34619140625
74.7,1249.34619140625
74.76,1249.34619140625
74.82,1249.34619140625
74.88,1249.34619140625
74.94,1249.34619140625
75,1249.34619140625
75.06,1249.34619140625
75.12,1249.34619140625
75.18,1249.34619140625
75.24,1249.34619140625
75.3,1249.34619140625
75.36,1249.34619140625
75.42,1249.34619140625
75.48,1249.34619140625
75.54,1249.34619140625
75.6,1249.34619140625
75.66,1249.34619140625
75.72,1249.34619140625
75.78,1249.34619140625
75.84,1249.34619140625
75.9,1249.34619140625
75.96,1249.34619140625
76.02,1249.34619140625
76.08,1249.34619140625
76.14,1249.34619140625
76.2,1249.34619140625
76.26,1249.34619140625
76.32,1249.34619140625
76.38,1249.34619140625
76.44,1249.34619140625
76.5,1249.34619140625
76.56,1249.34619140625
76.62,1249.34619140625
76.68,1249.34619140625
76.74,1249.34619140625
76.8,1249.34619140625
76.86,1249.34619140625
76.92,1249.34619140625
76.98,1249.34619140625
77.04,1249.34619140625
77.1,1299.48046875
77.16,1299.48046875
77.22,1299.48046875
77.28,1299.48046875
77.34,1299.48046875
77.4,1299.48046875
77.46,1299.48046875
77.52,1299.48046875
77.58,1299.48046875
77.64,1299.48046875
77.7,1299.48046875
77.76,1299.48046875
77.82,1299.48046875
77.88,1299.48046875
77.94,1299.48046875
78,1299.48046875
78.06,1299.48046875
78.12,1299.48046875
78.18,1299.48046875
78.24,1299.48046875
78.3,1299.48046875
78.36,1299.48046875
78.42,1299.48046875
78.48,1299.48046875
78.54,1299.48046875
78.6,1299.48046875
78.66,1299.48046875
78.72,1299.48046875
78.78,1299.48046875
78.84,1299.48046875
78.9,1299.48046875
78.96,1299.48046875
79.02,1299.48046875
79.08,1299.48046875
79.14,1299.48046875
79.2,1299.48046875
79.26,1299.48046875
79.32,1299.48046875
79.38,1299.48046875
79.44,1299.48046875
79.5,1299.48046875
79.56,1299.48046875
79.62,1299.48046875
79.68,1299.48046875
79.74,1299.48046875
79.8,1299.48046875
79.86,1299.48046875
79.92,1299.48046875
79.98,1299.48046875
80.04,1299.48046875
80.1,1299.48046875
80.16,1349.61474609375
80.22,1349.61474609375
80.28,1349.61474609375
80.34,1349.61474609375
80.4,1349.61474609375
80.46,1349.61474609375
80.52,1349.61474609375
80.58,1349.61474609375
80.64,1349.61474609375
80.7,1349.61474609375
80.76,1349.61474609375
80.82,1349.61474609375
80.88,1349.61474609375
80.94,1349.61474609375
81,1349.61474609375
81.06,1349.61474609375
81.12,1349.61474609375
81.18,1349.61474609375
81.24,1349.61474609375
81.3,1349.61474609375
81.36,1349.61474609375
81.42,1349.61474609375
81.48,1349.61474609375
81.54,1349.61474609375
81.6,1349.61474609375
81.66,1349.61474609375
81.72,1349.61474609375
81.78,1349.61474609375
81.84,1349.61474609375
81.9,1349.61474609375
81.96,1349.61474609375
82.02,1349.61474609375
82.08,1349.61474609375
82.14,1349.61474609375
82.2,1349.61474609375
82.26,1349.61474609375
82.32,1349.61474609375
82.38,1349.61474609375
82.44,1349.61474609375
82.5,1349.61474609375
82.56,1349.61474609375
82.62,1349.61474609375
82.68,1349.61474609375
82.74,1349.61474609375
82.8,1349.61474609375
82.86,1349.61474609375
82.92,1349.61474609375
82.98,1349.61474609375
83.04,1349.61474609375
83.1,1399.7490234375
83.16,1399.7490234375
83.22,1399.7490234375
83.28,1399.7490234375
83.34,1399.7490234375
83.4,1399.7490234375
83.46,1399.7490234375
83.52,1399.7490234375
83.58,1399.7490234375
83.64,1399.7490234375
83.7,1399.7490234375
83.76,1399.7490234375
83.82,1399.7490234375
83.88,1399.7490234375
83.94,1399.7490234375
84,1399.7490234375
84.06,1399.7490234375
84.12,1399.7490234375
84.18,1399.7490234375
84.24,1399.7490234375
84.3,1399.7490234375
84.36,1399.7490234375
84.42,1399.7490234375
84.48,1399.7490234375
84.54,1399.7490234375
84.6,1399.7490234375
84.66,1399.7490234375
84.72,1399.7490234375
84.78,1399.7490234375
84.84,1399.7490234375
84.9,1399.7490234375
84.96,1399.7490234375
85.02,1399.7490234375
85.08,1399.7490234375
85.14,1399.7490234375
85.2,1399.7490234375
85.26,1399.7490234375
85.32,1399.7490234375
85.38,1399.7490234375
85.44,1399.7490234375
85.5,1399.7490234375
85.56,1399.7490234375
85.62,1399.7490234375
85.68,1399.7490234375
85.74,1399.7490234375
85.8,1399.7490234375
85.86,1399.7490234375
85.92,1399.7490234375
85.98,1399.7490234375
86.04,1399.7490234375
86.1,1399.7490234375
86.16,1449.88330078125
86.22,1449.88330078125
86.28,1449.88330078125
86.34,1449.88330078125
86.4,1449.88330078125
86.46,1449.88330078125
86.52,1449.88330078125
86.58,1449.88330078125
86.64,1449.88330078125
86.7,1449.88330078125
86.76,1449.88330078125
86.82,1449.88330078125
86.88,1449.88330078125
86.94,1449.88330078125
87,1449.88330078125
87.06,1449.88330078125
87.12,1449.88330078125
87.18,1449.88330078125
87.24,1449.88330078125
87.3,1449.88330078125
87.36,1449.88330078125
87.42,1449.88330078125
87.48,1449.88330078125
87.54,1449.88330078125
87.6,1449.88330078125
87.66,1449.88330078125
87.72,1449.88330078125
87.78,1449.88330078125
87.84,1449.88330078125
87.9,1449.88330078125
87.96,1449.88330078125
88.02,1449.88330078125
88.08,1449.88330078125
88.14,1449.88330078125
88.2,1449.88330078125
88.26,1449.88330078125
88.32,1449.88330078125
88.38,1449.88330078125
88.44,1449.88330078125
88.5,1449.88330078125
88.56,1449.88330078125
88.62,1449.88330078125
88.68,1449.88330078125
88.74,1449.88330078125
88.8,1449.88330078125
88.86,1449.88330078125
88.92,1449.88330078125
88.98,1449.88330078125
89.04,1449.88330078125
89.1,1499.01489257812
89.16,1499.01489257812
89.22,1499.01489257812
89.28,1499.01489257812
89.34,1499.01489257812
89.4,1499.01489257812
89.46,1499.01489257812
89.52,1499.01489257812
89.58,1499.01489257812
89.64,1499.01489257812
89.7,1499.01489257812
89.76,1499.01489257812
89.82,1499.01489257812
89.88,1499.01489257812
89.94,1499.01489257812
90,1499.01489257812
90.06,1499.01489257812
90.12,1499.01489257812
90.18,1499.01489257812
90.24,1499.01489257812
90.3,1499.01489257812
90.36,1499.01489257812
90.42,1499.01489257812
90.48,1499.01489257812
90.54,1499.01489257812
90.6,1499.01489257812
90.66,1499.01489257812
90.72,1499.01489257812
90.78,1499.01489257812
90.84,1499.01489257812
90.9,1499.01489257812
90.96,1499.01489257812
91.02,1499.01489257812
91.08,1499.01489257812
91.14,1499.01489257812
91.2,1499.01489257812
91.26,1499.01489257812
91.32,1499.01489257812
91.38,1499.01489257812
91.44,1499.01489257812
91.5,1499.01489257812
91.56,1499.01489257812
91.62,1499.01489257812
91.68,1499.01489257812
91.74,1499.01489257812
91.8,1499.01489257812
91.86,1499.01489257812
91.92,1499.01489257812
91.98,1499.01489257812
92.04,1499.01489257812
92.1,1499.01489257812
92.16,1549.14916992188
92.22,1549.14916992188
92.28,1549.14916992188
92.34,1549.14916992188
92.4,1549.14916992188
92.46,1549.14916992188
92.52,1549.14916992188
92.58,1549.14916992188
92.64,1549.14916992188
92.7,1549.14916992188
92.76,1549.14916992188
92.82,1549.14916992188
92.88,1549.14916992188
92.94,1549.14916992188
93,1549.14916992188
93.06,1549.14916992188
93.12,1549.14916992188
93.18,1549.14916992188
93.24,1549.14916992188
93.3,1549.14916992188
93.36,1549.14916992188
93.42,1549.14916992188
93.48,1549.14916992188
93.54,1549.14916992188
93.6,1549.14916992188
93.66,1549.14916992188
93.72,1549.14916992188
93.78,1549.14916992188
93.84,1549.14916992188
93.9,1549.14916992188
93.96,1549.14916992188
94.02,1549.14916992188
94.08,1549.14916992188
94.14,1549.14916992188
94.2,1549.14916992188
94.26,1549.14916992188
94.32,1549.14916992188
94.38,1549.14916992188
94.44,1549.14916992188
94.5,1549.14916992188
94.56,1549.14916992188
94.62,1549.14916992188
94.68,1549.14916992188
94.74,1549.14916992188
94.8,1549.14916992188
94.86,1549.14916992188
94.92,1549.14916992188
94.98,1549.14916992188
95.04,1549.14916992188
95.1,1599.28344726562
95.16,1599.28344726562
95.22,1599.28344726562
95.28,1599.28344726562
95.34,1599.28344726562
95.4,1599.28344726562
95.46,1599.28344726562
95.52,1599.28344726562
95.58,1599.28344726562
95.64,1599.28344726562
95.7,1599.28344726562
95.76,1599.28344726562
95.82,1599.28344726562
95.88,1599.28344726562
95.94,1599.28344726562
96,1599.28344726562
96.06,1599.28344726562
96.12,1599.28344726562
96.18,1599.28344726562
96.24,1599.28344726562
96.3,1599.28344726562
96.36,1599.28344726562
96.42,1599.28344726562
96.48,1599.28344726562
96.54,1599.28344726562
96.6,1599.28344726562
96.66,1599.28344726562
96.72,1599.28344726562
96.78,1599.28344726562
96.84,1599.28344726562
96.9,1599.28344726562
96.96,1599.28344726562
97.02,1599.28344726562
97.08,1599.28344726562
97.14,1599.28344726562
97.2,1599.28344726562
97.26,1599.28344726562
97.32,1599.28344726562
97.38,1599.28344726562
97.44,1599.28344726562
97.5,1599.28344726562
97.56,1599.28344726562
97.62,1599.28344726562
97.68,1599.28344726562
97.74,1599.28344726562
97.8,1599.28344726562
97.86,1599.28344726562
97.92,1599.28344726562
97.98,1599.28344726562
98.04,1599.28344726562
98.1,1649.41772460938
98.16,1649.41772460938
98.22,1649.41772460938
98.28,1649.41772460938
98.34,1649.41772460938
98.4,1649.41772460938
98.46,1649.41772460938
98.52,1649.41772460938
98.58,1649.41772460938
98.64,1649.41772460938
98.7,1649.41772460938
98.76,1649.41772460938
98.82,1649.41772460938
98.88,1649.41772460938
98.94,1649.41772460938
99,1649.41772460938
99.06,1649.41772460938
99.12,1649.41772460938
99.18,1649.41772460938
99.24,1649.41772460938
99.3,1649.41772460938
99.36,1649.41772460938
99.42,1649.41772460938
99.48,1649.41772460938
99.54,1649.41772460938
99.6,1649.41772460938
99.66,1649.41772460938
99.72,1649.41772460938
99.78,1649.41772460938
99.84,1649.41772460938
99.9,1649.41772460938
99.96,1649.41772460938
100.02,1649.41772460938
100.08,1649.41772460938
100.14,1649.41772460938
100.2,1649.41772460938
100.26,1649.41772460938
100.32,1649.41772460938
100.38,1649.41772460938
100.44,1649.41772460938
100.5,1649.41772460938
100.56,1649.41772460938
100.62,1649.41772460938
100.68,1649.41772460938
100.74,1649.41772460938
100.8,1649.41772460938
100.86,1649.41772460938
100.92,1649.41772460938
100.98,1649.41772460938
101.04,1649.41772460938
101.1,1649.41772460938
101.16,1699.55200195312
101.22,1699.55200195312
101.28,1699.55200195312
101.34,1699.55200195312
101.4,1699.55200195312
101.46,1699.55200195312
101.52,1699.55200195312
101.58,1699.55200195312
101.64,1699.55200195312
101.7,1699.55200195312
101.76,1699.55200195312
101.82,1699.55200195312
101.88,1699.55200195312
101.94,1699.55200195312
102,1699.55200195312
102.06,1699.55200195312
102.12,1699.55200195312
102.18,1699.55200195312
102.24,1699.55200195312
102.3,1699.55200195312
102.36,1699.55200195312
102.42,1699.55200195312
102.48,1699.55200195312
102.54,1699.55200195312
102.6,1699.55200195312
102.66,1699.55200195312
102.72,1699.55200195312
102.78,1699.55200195312
102.84,1699.55200195312
102.9,1699.55200195312
102.96,1699.55200195312
103.02,1699.55200195312
103.08,1699.55200195312
103.14,1699.55200195312
103.2,1699.55200195312
103.26,1699.55200195312
103.32,1699.55200195312
103.38,1699.55200195312
103.44,1699.55200195312
103.5,1699.55200195312
103.56,1699.55200195312
103.62,1699.55200195312
103.68,1699.55200195312
103.74,1699.55200195312
103.8,1699.55200195312
103.86,1699.55200195312
103.92,1699.55200195312
103.98,1699.55200195312
104.04,1699.55200195312
104.1,1749.68627929688
104.16,1749.68627929688
104.22,1749.68627929688
104.28,1749.68627929688
104.34,1749.68627929688
104.4,1749.68627929688
104.46,1749.68627929688
104.52,1749.68627929688
104.58,1749.68627929688
104.64,1749.68627929688
104.7,1749.68627929688
104.76,1749.68627929688
104.82,1749.68627929688
104.88,1749.68627929688
104.94,1749.68627929688
105,1749.68627929688
105.06,1749.68627929688
105.12,1749.68627929688
105.18,1749.68627929688
105.24,1749.68627929688
105.3,1749.68627929688
105.36,1749.68627929688
105.42,1749.68627929688
105.48,1749.68627929688
105.54,1749.68627929688
105.6,1749.68627929688
105.66,1749.68627929688
105.72,1749.68627929688
105.78,1749.68627929688
105.84,1749.68627929688
105.9,1749.68627929688
105.96,1749.68627929688
106.02,1749.68627929688
106.08,1749.68627929688
106.14,1749.68627929688
106.2,1749.68627929688
106.26,1749.68627929688
106.32,1749.68627929688
106.38,1749.68627929688
106.44,1749.68627929688
106.5,1749.68627929688
106.56,1749.68627929688
106.62,1749.68627929688
106.68,1749.68627929688
106.74,1749.68627929688
106.8,1749.68627929688
106.86,1749.68627929688
106.92,1749.68627929688
106.98,1749.68627929688
107.04,1749.68627929688
107.1,1749.68627929688
107.16,1799.82055664062
107.22,1799.82055664062
107.28,1799.82055664062
107.34,1799.82055664062
107.4,1799.82055664062
107.46,1799.82055664062
107.52,1799.82055664062
107.58,1799.82055664062
107.64,1799.82055664062
107.7,1799.82055664062
107.76,1799.82055664062
107.82,1799.82055664062
107.88,1799.82055664062
107.94,1799.82055664062
108,1799.82055664062
108.06,1799.82055664062
108.12,1799.82055664062
108.18,1799.82055664062
108.24,1799.82055664062
108.3,1799.82055664062
108.36,1799.82055664062
108.42,1799.82055664062
108.48,1799.82055664062
108.54,1799.82055664062
108.6,1799.82055664062
108.66,1799.82055664062
108.72,1799.82055664062
108.78,1799.82055664062
108.84,1799.82055664062
108.9,1799.82055664062
108.96,1799.82055664062
109.02,1799.82055664062
109.08,1799.82055664062
109.14,1799.82055664062
109.2,1799.82055664062
109.26,1799.82055664062
109.32,1799.82055664062
109.38,1799.82055664062
109.44,1799.82055664062
109.5,1799.82055664062
109.56,1799.82055664062
109.62,1799.82055664062
109.68,1799.82055664062
109.74,1799.82055664062
109.8,1799.82055664062
109.86,1799.82055664062
109.92,1799.82055664062
109.98,1799.82055664062
110.04,1799.82055664062
110.1,1849.95483398438
110.16,1849.95483398438
110.22,1849.95483398438
110.28,1849.95483398438
110.34,1849.95483398438
110.4,1849.95483398438
110.46,1849.95483398438
110.52,1849.95483398438
110.58,1849.95483398438
110.64,1849.95483398438
110.7,1849.95483398438
110.76,1849.95483398438
110.82,1849.95483398438
110.88,1849.95483398438
110.94,1849.95483398438
111,1849.95483398438
111.06,1849.95483398438
111.12,1849.95483398438
111.18,1849.95483398438
111.24,1849.95483398438
111.3,1849.95483398438
111.36,1849.95483398438
111.42,1849.95483398438
111.48,1849.95483398438
111.54,1849.95483398438
111.6,1849.95483398438
111.66,1849.95483398438
111.72,1849.95483398438
111.78,1849.95483398438
111.84,1849.95483398438
111.9,1849.95483398438
111.96,1849.95483398438
112.02,1849.95483398438
112.08,1849.95483398438
112.14,1849.95483398438
112.2,1849.95483398438
112.26,1849.95483398438
112.32,1849.95483398438
112.38,1849.95483398438
112.44,1849.95483398438
112.5,1849.95483398438
112.56,1849.95483398438
112.62,1849.95483398438
112.68,1849.95483398438
112.74,1849.95483398438
112.8,1849.95483398438
112.86,1849.95483398438
112.92,1849.95483398438
112.98,1849.95483398438
113.04,1849.95483398438
113.1,1849.95483398438
113.16,1899.08642578125
113.22,1899.08642578125
113.28,1899.08642578125
113.34,1899.08642578125
113.4,1899.08642578125
113.46,1899.08642578125
113.52,1899.08642578125
113.58,1899.08642578125
113.64,1899.08642578125
113.7,1899.08642578125
113.76,1899.08642578125
113.82,1899.08642578125
113.88,1899.08642578125
113.94,1899.08642578125
114,1899.08642578125
114.06,1899.08642578125
114.12,1899.08642578125
114.18,1899.08642578125
114.24,1899.08642578125
114.3,1899.08642578125
114.36,1899.08642578125
114.42,1899.08642578125
114.48,1899.08642578125
114.54,1899.08642578125
114.6,1899.08642578125
114.66,1899.08642578125
114.72,1899.08642578125
114.78,1899.08642578125
114.84,1899.08642578125
114.9,1899.08642578125
114.96,1899.08642578125
115.02,1899.08642578125
115.08,1899.08642578125
115.14,1899.08642578125
115.2,1899.08642578125
115.26,1899.08642578125
115.32,1899.08642578125
115.38,1899.08642578125
115.44,1899.08642578125
115.5,1899.08642578125
115.56,1899.08642578125
115.62,1899.08642578125
115.68,1899.08642578125
115.74,1899.08642578125
115.8,1899.08642578125
115.86,1899.08642578125
115.92,1899.08642578125
115.98,1899.08642578125
116.04,1899.08642578125
116.1,1949.220703125
116.16,1949.220703125
116.22,1949.220703125
116.28,1949.220703125
116.34,1949.220703125
116.4,1949.220703125
116.46,1949.220703125
116.52,1949.220703125
116.58,1949.220703125
116.64,1949.220703125
116.7,1949.220703125
116.76,1949.220703125
116.82,1949.220703125
116.88,1949.220703125
116.94,1949.220703125
117,1949.220703125
117.06,1949.220703125
117.12,1949.220703125
117.18,1949.220703125
117.24,1949.220703125
117.3,1949.220703125
117.36,1949.220703125
117.42,1949.220703125
117.48,1949.220703125
117.54,1949.220703125
117.6,1949.220703125
117.66,1949.220703125
117.72,1949.220703125
117.78,1949.220703125
117.84,1949.220703125
117.9,1949.220703125
117.96,1949.220703125
118.02,1949.220703125
118.08,1949.220703125
118.14,1949.220703125
118.2,1949.220703125
118.26,1949.220703125
118.32,1949.220703125
118.38,1949.220703125
118.44,1949.220703125
118.5,1949.220703125
118.56,1949.220703125
118.62,1949.220703125
118.68,1949.220703125
118.74,1949.220703125
118.8,1949.220703125
118.86,1949.220703125
118.92,1949.220703125
118.98,1949.220703125
119.04,1949.220703125
119.1,1949.220703125
119.16,1999.35498046875
119.22,1999.35498046875
119.28,1999.35498046875
119.34,1999.35498046875
119.4,1999.35498046875
119.46,1999.35498046875
119.52,1999.35498046875
119.58,1999.35498046875
119.64,1999.35498046875
119.7,1999.35498046875
119.76,1999.35498046875
119.82,1999.35498046875
119.88,1999.35498046875
119.94,1999.35498046875
120,1999.35498046875
120.06,1999.35498046875
120.12,1999.35498046875
120.18,1999.35498046875
120.24,1999.35498046875
120.3,1999.35498046875
120.36,1999.35498046875
120.42,1999.35498046875
120.48,1999.35498046875
120.54,1999.35498046875
120.6,1999.35498046875
120.66,1999.35498046875
120.72,1999.35498046875
120.78,1999.35498046875
120.84,1999.35498046875
120.9,1999.35498046875
120.96,1999.35498046875
121.02,1999.35498046875
121.08,1999.35498046875
121.14,1999.35498046875
121.2,1999.35498046875
121.26,1999.35498046875
121.32,1999.35498046875
121.38,1999.35498046875
121.44,1999.35498046875
121.5,1999.35498046875
121.56,1999.35498046875
121.62,1999.35498046875
121.68,1999.35498046875
121.74,1999.35498046875
121.8,1999.35498046875
121.86,1999.35498046875
121.92,1999.35498046875
121.98,1999.35498046875
122.04,1999.35498046875
122.1,2049.4892578125
122.16,2049.4892578125
122.22,2049.4892578125
122.28,2049.4892578125
122.34,2049.4892578125
122.4,2049.4892578125
122.46,2049.4892578125
122.52,2049.4892578125
122.58,2049.4892578125
122.64,2049.4892578125
122.7,2049.4892578125
122.76,2049.4892578125
122.82,2049.4892578125
122.88,2049.4892578125
122.94,2049.4892578125
123,2049.4892578125
123.06,2049.4892578125
123.12,2049.4892578125
123.18,2049.4892578125
123.24,2049.4892578125
123.3,2049.4892578125
123.36,2049.4892578125
123.42,2049.4892578125
123.48,2049.4892578125
123.54,2049.4892578125
123.6,2049.4892578125
123.66,2049.4892578125
123.72,2049.4892578125
123.78,2049.4892578125
123.84,2049.4892578125
123.9,2049.4892578125
123.96,2049.4892578125
124.02,2049.4892578125
124.08,2049.4892578125
124.14,2049.4892578125
124.2,2049.4892578125
124.26,2049.4892578125
124.32,2049.4892578125
124.38,2049.4892578125
124.44,2049.4892578125
124.5,2049.4892578125
124.56,2049.4892578125
124.62,2049.4892578125
124.68,2049.4892578125
124.74,2049.4892578125
124.8,2049.4892578125
124.86,2049.4892578125
124.92,2049.4892578125
124.98,2049.4892578125
125.04,2049.4892578125
125.1,2049.4892578125
125.16,2099.62353515625
125.22,2099.62353515625
125.28,2099.62353515625
125.34,2099.62353515625
125.4,2099.62353515625
125.46,2099.62353515625
125.52,2099.62353515625
125.58,2099.62353515625
125.64,2099.62353515625
125.7,2099.62353515625
125.76,2099.62353515625
125.82,2099.62353515625
125.88,2099.62353515625
125.94,2099.62353515625
126,2099.62353515625
126.06,2099.62353515625
126.12,2099.62353515625
126.18,2099.62353515625
126.24,2099.62353515625
126.3,2099.62353515625
126.36,2099.62353515625
126.42,2099.62353515625
126.48,2099.62353515625
126.54,2099.62353515625
126.6,2099.62353515625
126.66,2099.62353515625
126.72,2099.62353515625
126.78,2099.62353515625
126.84,2099.62353515625
126.9,2099.62353515625
126.96,2099.62353515625
127.02,2099.62353515625
127.08,2099.62353515625
127.14,2099.62353515625
127.2,2099.62353515625
127.26,2099.62353515625
127.32,2099.62353515625
127.38,2099.62353515625
127.44,2099.62353515625
127.5,2099.62353515625
127.56,2099.62353515625
127.62,2099.62353515625
127.68,2099.62353515625
127.74,2099.62353515625
127.8,2099.62353515625
127.86,2099.62353515625
127.92,2099.62353515625
127.98,2099.62353515625
128.04,2099.62353515625
128.1,2149.7578125
128.16,2149.7578125
128.22,2149.7578125
128.28,2149.7578125
128.34,2149.7578125
128.4,2149.7578125
128.46,2149.7578125
128.52,2149.7578125
128.58,2149.7578125
128.64,2149.7578125
128.7,2149.7578125
128.76,2149.7578125
128.82,2149.7578125
128.88,2149.7578125
128.94,2149.7578125
129,2149.7578125
129.06,2149.7578125
129.12,2149.7578125
129.18,2149.7578125
129.24,2149.7578125
129.3,2149.7578125
129.36,2149.7578125
129.42,2149.7578125
129.48,2149.7578125
129.54,2149.7578125
129.6,2149.7578125
129.66,2149.7578125
129.72,2149.7578125
129.78,2149.7578125
129.84,2149.7578125
129.9,2149.7578125
129.96,2149.7578125
130.02,2149.7578125
130.08,2149.7578125
130.14,2149.7578125
130.2,2149.7578125
130.26,2149.7578125
130.32,2149.7578125
130.38,2149.7578125
130.44,2149.7578125
130.5,2149.7578125
130.56,2149.7578125
130.62,2149.7578125
130.68,2149.7578125
130.74,2149.7578125
130.8,2149.7578125
130.86,2149.7578125
130.92,2149.7578125
130.98,2149.7578125
131.04,2149.7578125
131.1,2149.7578125
131.16,2199.89208984375
131.22,2199.89208984375
131.28,2199.89208984375
131.34,2199.89208984375
131.4,2199.89208984375
131.46,2199.89208984375
131.52,2199.89208984375
131.58,2199.89208984375
131.64,2199.89208984375
131.7,2199.89208984375
131.76,2199.89208984375
131.82,2199.89208984375
131.88,2199.89208984375
131.94,2199.89208984375
132,2199.89208984375
132.06,2199.89208984375
132.12,2199.89208984375
132.18,2199.89208984375
132.24,2199.89208984375
132.3,2199.89208984375
132.36,2199.89208984375
132.42,2199.89208984375
132.48,2199.89208984375
132.54,2199.89208984375
132.6,2199.89208984375
132.66,2199.89208984375
132.72,2199.89208984375
132.78,2199.89208984375
132.84,2199.89208984375
132.9,2199.89208984375
132.96,2199.89208984375
133.02,2199.89208984375
133.08,2199.89208984375
133.14,2199.89208984375
133.2,2199.89208984375
133.26,2199.89208984375
133.32,2199.89208984375
133.38,2199.89208984375
133.44,2199.89208984375
133.5,2199.89208984375
133.56,2199.89208984375
133.62,2199.89208984375
133.68,2199.89208984375
133.74,2199.89208984375
133.8,2199.89208984375
133.86,2199.89208984375
133.92,2199.89208984375
133.98,2199.89208984375
134.04,2199.89208984375
134.1,2199.89208984375
134.16,2249.02368164062
134.22,2249.02368164062
134.28,2249.02368164062
134.34,2249.02368164062
134.4,2249.02368164062
134.46,2249.02368164062
134.52,2249.02368164062
134.58,2249.02368164062
134.64,2249.02368164062
134.7,2249.02368164062
134.76,2249.02368164062
134.82,2249.02368164062
134.88,2249.02368164062
134.94,2249.02368164062
135,2249.02368164062
135.06,2249.02368164062
135.12,2249.02368164062
135.18,2249.02368164062
135.24,2249.02368164062
135.3,2249.02368164062
135.36,2249.02368164062
135.42,2249.02368164062
135.48,2249.02368164062
135.54,2249.02368164062
135.6,2249.02368164062
135.66,2249.02368164062
135.72,2249.02368164062
135.78,2249.02368164062
135.84,2249.02368164062
135.9,2249.02368164062
135.96,2249.02368164062
136.02,2249.02368164062
136.08,2249.02368164062
136.14,2249.02368164062
136.2,2249.02368164062
136.26,2249.02368164062
136.32,2249.02368164062
136.38,2249.02368164062
136.44,2249.02368164062
136.5,2249.02368164062
136.56,2249.02368164062
136.62,2249.02368164062
136.68,2249.02368164062
136.74,2249.02368164062
136.8,2249.02368164062
136.86,2249.02368164062
136.92,2249.02368164062
136.98,2249.02368164062
137.04,2249.02368164062
137.1,2299.15795898438
137.16,2299.15795898438
137.22,2299.15795898438
137.28,2299.15795898438
137.34,2299.15795898438
137.4,2299.15795898438
137.46,2299.15795898438
137.52,2299.15795898438
137.58,2299.15795898438
137.64,2299.15795898438
137.7,2299.15795898438
137.76,2299.15795898438
137.82,2299.15795898438
137.88,2299.15795898438
137.94,2299.15795898438
138,2299.15795898438
138.06,2299.15795898438
138.12,2299.15795898438
138.18,2299.15795898438
138.24,2299.15795898438
138.3,2299.15795898438
138.36,2299.15795898438
138.42,2299.15795898438
138.48,2299.15795898438
138.54,2299.15795898438
138.6,2299.15795898438
138.66,2299.15795898438
138.72,2299.15795898438
138.78,2299.15795898438
138.84,2299.15795898438
138.9,2299.15795898438
138.96,2299.15795898438
139.02,2299.15795898438
139.08,2299.15795898438
139.14,2299.15795898438
139.2,2299.15795898438
139.26,2299.15795898438
139.32,2299.15795898438
139.38,2299.15795898438
139.44,2299.15795898438
139.5,2299.15795898438
139.56,2299.15795898438
139.62,2299.15795898438
139.68,2299.15795898438
139.74,2299.15795898438
139.8,2299.15795898438
139.86,2299.15795898438
139.92,2299.15795898438
139.98,2299.15795898438
140.04,2299.15795898438
140.1,2299.15795898438
140.16,2349.29223632812
140.22,2349.29223632812
140.28,2349.29223632812
140.34,2349.29223632812
140.4,2349.29223632812
140.46,2349.29223632812
140.52,2349.29223632812
140.58,2349.29223632812
140.64,2349.29223632812
140.7,2349.29223632812
140.76,2349.29223632812
140.82,2349.29223632812
140.88,2349.29223632812
140.94,2349.29223632812
141,2349.29223632812
141.06,2349.29223632812
141.12,2349.29223632812
141.18,2349.29223632812
141.24,2349.29223632812
141.3,2349.29223632812
141.36,2349.29223632812
141.42,2349.29223632812
141.48,2349.29223632812
141.54,2349.29223632812
141.6,2349.29223632812
141.66,2349.29223632812
141.72,2349.29223632812
141.78,2349.29223632812
141.84,2349.29223632812
141.9,2349.29223632812
141.96,2349.29223632812
142.02,2349.29223632812
142.08,2349.29223632812
142.14,2349.29223632812
142.2,2349.29223632812
142.26,2349.29223632812
142.32,2349.29223632812
142.38,2349.29223632812
142.44,2349.29223632812
142.5,2349.29223632812
142.56,2349.29223632812
142.62,2349.29223632812
142.68,2349.29223632812
142.74,2349.29223632812
142.8,2349.29223632812
142.86,2349.29223632812
142.92,2349.29223632812
142.98,2349.29223632812
143.04,2349.29223632812
143.1,2399.42651367188
143.16,2399.42651367188
143.22,2399.42651367188
143.28,2399.42651367188
143.34,2399.42651367188
143.4,2399.42651367188
143.46,2399.42651367188
143.52,2399.42651367188
143.58,2399.42651367188
143.64,2399.42651367188
143.7,2399.42651367188
143.76,2399.42651367188
143.82,2399.42651367188
143.88,2399.42651367188
143.94,2399.42651367188
144,2399.42651367188
144.06,2399.42651367188
144.12,2399.42651367188
144.18,2399.42651367188
144.24,2399.42651367188
144.3,2399.42651367188
144.36,2399.42651367188
144.42,2399.42651367188
144.48,2399.42651367188
144.54,2399.42651367188
144.6,2399.42651367188
144.66,2399.42651367188
144.72,2399.42651367188
144.78,2399.42651367188
144.84,2399.42651367188
144.9,2399.42651367188
144.96,2399.42651367188
145.02,2399.42651367188
145.08,2399.42651367188
145.14,2399.42651367188
145.2,2399.42651367188
145.26,2399.42651367188
145.32,2399.42651367188
145.38,2399.42651367188
145.44,2399.42651367188
145.5,2399.42651367188
145.56,2399.42651367188
145.62,2399.42651367188
145.68,2399.42651367188
145.74,2399.42651367188
145.8,2399.42651367188
145.86,2399.42651367188
145.92,2399.42651367188
145.98,2399.42651367188
146.04,2399.42651367188
146.1,2399.42651367188
146.16,2449.56079101562
146.22,2449.56079101562
146.28,2449.56079101562
146.34,2449.56079101562
146.4,2449.56079101562
146.46,2449.56079101562
146.52,2449.56079101562
146.58,2449.56079101562
146.64,2449.56079101562
146.7,2449.56079101562
146.76,2449.56079101562
146.82,2449.56079101562
146.88,2449.56079101562
146.94,2449.56079101562
147,2449.56079101562
147.06,2449.56079101562
147.12,2449.56079101562
147.18,2449.56079101562
147.24,2449.56079101562
147.3,2449.56079101562
147.36,2449.56079101562
147.42,2449.56079101562
147.48,2449.56079101562
147.54,2449.56079101562
147.6,2449.56079101562
147.66,2449.56079101562
147.72,2449.56079101562
147.78,2449.56079101562
147.84,2449.56079101562
147.9,2449.56079101562
147.96,2449.56079101562
148.02,2449.56079101562
148.08,2449.56079101562
148.14,2449.56079101562
148.2,2449.56079101562
148.26,2449.56079101562
148.32,2449.56079101562
148.38,2449.56079101562
148.44,2449.56079101562
148.5,2449.56079101562
148.56,2449.56079101562
148.62,2449.56079101562
148.68,2449.56079101562
148.74,2449.56079101562
148.8,2449.56079101562
148.86,2449.56079101562
148.92,2449.56079101562
148.98,2449.56079101562
149.04,2449.56079101562
149.1,2499.69506835938
149.16,2499.69506835938
149.22,2499.69506835938
149.28,2499.69506835938
149.34,2499.69506835938
149.4,2499.69506835938
149.46,2499.69506835938
149.52,2499.69506835938
149.58,2499.69506835938
149.64,2499.69506835938
149.7,2499.69506835938
149.76,2499.69506835938
149.82,2499.69506835938
149.88,2499.69506835938
149.94,2499.69506835938
150,2499.69506835938
150.06,2499.69506835938
150.12,2499.69506835938
150.18,2499.69506835938
150.24,2499.69506835938
150.3,2499.69506835938
150.36,2499.69506835938
150.42,2499.69506835938
150.48,2499.69506835938
150.54,2499.69506835938
150.6,2499.69506835938
150.66,2499.69506835938
150.72,2499.69506835938
150.78,2499.69506835938
150.84,2499.69506835938
150.9,2499.69506835938
150.96,2499.69506835938
151.02,2499.69506835938
151.08,2499.69506835938
151.14,2499.69506835938
151.2,2499.69506835938
151.26,2499.69506835938
151.32,2499.69506835938
151.38,2499.69506835938
151.44,2499.69506835938
151.5,2499.69506835938
151.56,2499.69506835938
151.62,2499.69506835938
151.68,2499.69506835938
151.74,2499.69506835938
151.8,2499.69506835938
151.86,2499.69506835938
151.92,2499.69506835938
151.98,2499.69506835938
152.04,2499.69506835938
152.1,2499.69506835938
152.16,2549.82934570312
152.22,2549.82934570312
152.28,2549.82934570312
152.34,2549.82934570312
152.4,2549.82934570312
152.46,2549.82934570312
152.52,2549.82934570312
152.58,2549.82934570312
152.64,2549.82934570312
152.7,2549.82934570312
152.76,2549.82934570312
152.82,2549.82934570312
152.88,2549.82934570312
152.94,2549.82934570312
153,2549.82934570312
153.06,2549.82934570312
153.12,2549.82934570312
153.18,2549.82934570312
153.24,2549.82934570312
153.3,2549.82934570312
153.36,2549.82934570312
153.42,2549.82934570312
153.48,2549.82934570312
153.54,2549.82934570312
153.6,2549.82934570312
153.66,2549.82934570312
153.72,2549.82934570312
153.78,2549.82934570312
153.84,2549.82934570312
153.9,2549.82934570312
153.96,2549.82934570312
154.02,2549.82934570312
154.08,2549.82934570312
154.14,2549.82934570312
154.2,2549.82934570312
154.26,2549.82934570312
154.32,2549.82934570312
154.38,2549.82934570312
154.44,2549.82934570312
154.5,2549.82934570312
154.56,2549.82934570312
154.62,2549.82934570312
154.68,2549.82934570312
154.74,2549.82934570312
154.8,2549.82934570312
154.86,2549.82934570312
154.92,2549.82934570312
154.98,2549.82934570312
155.04,2549.82934570312
155.1,2599.96362304688
155.16,2599.96362304688
155.22,2599.96362304688
155.28,2599.96362304688
155.34,2599.96362304688
155.4,2599.96362304688
155.46,2599.96362304688
155.52,2599.96362304688
155.58,2599.96362304688
155.64,2599.96362304688
155.7,2599.96362304688
155.76,2599.96362304688
155.82,2599.96362304688
155.88,2599.96362304688
155.94,2599.96362304688
156,2599.96362304688
156.06,2599.96362304688
156.12,2599.96362304688
156.18,2599.96362304688
156.24,2599.96362304688
156.3,2599.96362304688
156.36,2599.96362304688
156.42,2599.96362304688
156.48,2599.96362304688
156.54,2599.96362304688
156.6,2599.96362304688
156.66,2599.96362304688
156.72,2599.96362304688
156.78,2599.96362304688
156.84,2599.96362304688
156.9,2599.96362304688
156.96,2599.96362304688
157.02,2599.96362304688
157.08,2599.96362304688
157.14,2599.96362304688
157.2,2599.96362304688
157.26,2599.96362304688
157.32,2599.96362304688
157.38,2599.96362304688
157.44,2599.96362304688
157.5,2599.96362304688
157.56,2599.96362304688
157.62,2599.96362304688
157.68,2599.96362304688
157.74,2599.96362304688
157.8,2599.96362304688
157.86,2599.96362304688
157.92,2599.96362304688
157.98,2599.96362304688
158.04,2599.96362304688
158.1,2599.96362304688
158.16,2649.09521484375
158.22,2649.09521484375
158.28,2649.09521484375
158.34,2649.09521484375
158.4,2649.09521484375
158.46,2649.09521484375
158.52,2649.09521484375
158.58,2649.09521484375
158.64,2649.09521484375
158.7,2649.09521484375
158.76,2649.09521484375
158.82,2649.09521484375
158.88,2649.09521484375
158.94,2649.09521484375
159,2649.09521484375
159.06,2649.09521484375
159.12,2649.09521484375
159.18,2649.09521484375
159.24,2649.09521484375
159.3,2649.09521484375
159.36,2649.09521484375
159.42,2649.09521484375
159.48,2649.09521484375
159.54,2649.09521484375
159.6,2649.09521484375
159.66,2649.09521484375
159.72,2649.09521484375
159.78,2649.09521484375
159.84,2649.09521484375
159.9,2649.09521484375
159.96,2649.09521484375
160.02,2649.09521484375
160.08,2649.09521484375
160.14,2649.09521484375
160.2,2649.09521484375
160.26,2649.09521484375
160.32,2649.09521484375
160.38,2649.09521484375
160.44,2649.09521484375
160.5,2649.09521484375
160.56,2649.09521484375
160.62,2649.09521484375
160.68,2649.09521484375
160.74,2649.09521484375
160.8,2649.09521484375
160.86,2649.09521484375
160.92,2649.09521484375
160.98,2649.09521484375
161.04,2649.09521484375
161.1,2699.2294921875
161.16,2699.2294921875
161.22,2699.2294921875
161.28,2699.2294921875
161.34,2699.2294921875
161.4,2699.2294921875
161.46,2699.2294921875
161.52,2699.2294921875
161.58,2699.2294921875
161.64,2699.2294921875
161.7,2699.2294921875
161.76,2699.2294921875
161.82,2699.2294921875
161.88,2699.2294921875
161.94,2699.2294921875
162,2699.2294921875
162.06,2699.2294921875
162.12,2699.2294921875
162.18,2699.2294921875
162.24,2699.2294921875
162.3,2699.2294921875
162.36,2699.2294921875
162.42,2699.2294921875
162.48,2699.2294921875
162.54,2699.2294921875
162.6,2699.2294921875
162.66,2699.2294921875
162.72,2699.2294921875
162.78,2699.2294921875
162.84,2699.2294921875
162.9,2699.2294921875
162.96,2699.2294921875
163.02,2699.2294921875
163.08,2699.2294921875
163.14,2699.2294921875
163.2,2699.2294921875
163.26,2699.2294921875
163.32,2699.2294921875
163.38,2699.2294921875
163.44,2699.2294921875
163.5,2699.2294921875
163.56,2699.2294921875
163.62,2699.2294921875
163.68,2699.2294921875
163.74,2699.2294921875
163.8,2699.2294921875
163.86,2699.2294921875
163.92,2699.2294921875
163.98,2699.2294921875
164.04,2699.2294921875
164.1,2699.2294921875
164.16,2749.36376953125
164.22,2749.36376953125
164.28,2749.36376953125
164.34,2749.36376953125
164.4,2749.36376953125
164.46,2749.36376953125
164.52,2749.36376953125
164.58,2749.36376953125
164.64,2749.36376953125
164.7,2749.36376953125
164.76,2749.36376953125
164.82,2749.36376953125
164.88,2749.36376953125
164.94,2749.36376953125
165,2749.36376953125
165.06,2749.36376953125
165.12,2749.36376953125
165.18,2749.36376953125
165.24,2749.36376953125
165.3,2749.36376953125
165.36,2749.36376953125
165.42,2749.36376953125
165.48,2749.36376953125
165.54,2749.36376953125
165.6,2749.36376953125
165.66,2749.36376953125
165.72,2749.36376953125
165.78,2749.36376953125
165.84,2749.36376953125
165.9,2749.36376953125
165.96,2749.36376953125
166.02,2749.36376953125
166.08,2749.36376953125
166.14,2749.36376953125
166.2,2749.36376953125
166.26,2749.36376953125
166.32,2749.36376953125
166.38,2749.36376953125
166.44,2749.36376953125
166.5,2749.36376953125
166.56,2749.36376953125
166.62,2749.36376953125
166.68,2749.36376953125
166.74,2749.36376953125
166.8,2749.36376953125
166.86,2749.36376953125
166.92,2749.36376953125
166.98,2749.36376953125
167.04,2749.36376953125
167.1,2799.498046875
167.16,2799.498046875
167.22,2799.498046875
167.28,2799.498046875
167.34,2799.498046875
167.4,2799.498046875
167.46,2799.498046875
167.52,2799.498046875
167.58,2799.498046875
167.64,2799.498046875
167.7,2799.498046875
167.76,2799.498046875
167.82,2799.498046875
167.88,2799.498046875
167.94,2799.498046875
168,2799.498046875
168.06,2799.498046875
168.12,2799.498046875
168.18,2799.498046875
168.24,2799.498046875
168.3,2799.498046875
168.36,2799.498046875
168.42,2799.498046875
168.48,2799.498046875
168.54,2799.498046875
168.6,2799.498046875
168.66,2799.498046875
168.72,2799.498046875
168.78,2799.498046875
168.84,2799.498046875
168.9,2799.498046875
168.96,2799.498046875
169.02,2799.498046875
169.08,2799.498046875
169.14,2799.498046875
169.2,2799.498046875
169.26,2799.498046875
169.32,2799.498046875
169.38,2799.498046875
169.44,2799.498046875
169.5,2799.498046875
169.56,2799.498046875
169.62,2799.498046875
169.68,2799.498046875
169.74,2799.498046875
169.8,2799.498046875
169.86,2799.498046875
169.92,2799.498046875
169.98,2799.498046875
170.04,2799.498046875
170.1,2799.498046875
170.16,2849.63232421875
170.22,2849.63232421875
170.28,2849.63232421875
170.34,2849.63232421875
170.4,2849.63232421875
170.46,2849.63232421875
170.52,2849.63232421875
170.58,2849.63232421875
170.64,2849.63232421875
170.7,2849.63232421875
170.76,2849.63232421875
170.82,2849.63232421875
170.88,2849.63232421875
170.94,2849.63232421875
171,2849.63232421875
171.06,2849.63232421875
171.12,2849.63232421875
171.18,2849.63232421875
171.24,2849.63232421875
171.3,2849.63232421875
171.36,2849.63232421875
171.42,2849.63232421875
171.48,2849.63232421875
171.54,2849.63232421875
171.6,2849.63232421875
171.66,2849.63232421875
171.72,2849.63232421875
171.78,2849.63232421875
171.84,2849.63232421875
171.9,2849.63232421875
171.96,2849.63232421875
172.02,2849.63232421875
172.08,2849.63232421875
172.14,2849.63232421875
172.2,2849.63232421875
172.26,2849.63232421875
172.32,2849.63232421875
172.38,2849.63232421875
172.44,2849.63232421875
172.5,2849.63232421875
172.56,2849.63232421875
172.62,2849.63232421875
172.68,2849.63232421875
172.74,2849.63232421875
172.8,2849.63232421875
172.86,2849.63232421875
172.92,2849.63232421875
172.98,2849.63232421875
173.04,2849.63232421875
173.1,2849.63232421875
173.16,2899.7666015625
173.22,2899.7666015625
173.28,2899.7666015625
173.34,2899.7666015625
173.4,2899.7666015625
173.46,2899.7666015625
173.52,2899.7666015625
173.58,2899.7666015625
173.64,2899.7666015625
173.7,2899.7666015625
173.76,2899.7666015625
173.82,2899.7666015625
173.88,2899.7666015625
173.94,2899.7666015625
174,2899.7666015625
174.06,2899.7666015625
174.12,2899.7666015625
174.18,2899.7666015625
174.24,2899.7666015625
174.3,2899.7666015625
174.36,2899.7666015625
174.42,2899.7666015625
174.48,2899.7666015625
174.54,2899.7666015625
174.6,2899.7666015625
174.66,2899.7666015625
174.72,2899.7666015625
174.78,2899.7666015625
174.84,2899.7666015625
174.9,2899.7666015625
174.96,2899.7666015625
175.02,2899.7666015625
175.08,2899.7666015625
175.14,2899.7666015625
175.2,2899.7666015625
175.26,2899.7666015625
175.32,2899.7666015625
175.38,2899.7666015625
175.44,2899.7666015625
175.5,2899.7666015625
175.56,2899.7666015625
175.62,2899.7666015625
175.68,2899.7666015625
175.74,2899.7666015625
175.8,2899.7666015625
175.86,2899.7666015625
175.92,2899.7666015625
175.98,2899.7666015625
176.04,2899.7666015625
176.1,2949.90087890625
176.16,2949.90087890625
176.22,2949.90087890625
176.28,2949.90087890625
176.34,2949.90087890625
176.4,2949.90087890625
176.46,2949.90087890625
176.52,2949.90087890625
176.58,2949.90087890625
176.64,2949.90087890625
176.7,2949.90087890625
176.76,2949.90087890625
176.82,2949.90087890625
176.88,2949.90087890625
176.94,2949.90087890625
177,2949.90087890625
177.06,2949.90087890625
177.12,2949.90087890625
177.18,2949.90087890625
177.24,2949.90087890625
177.3,2949.90087890625
177.36,2949.90087890625
177.42,2949.90087890625
177.48,2949.90087890625
177.54,2949.90087890625
177.6,2949.90087890625
177.66,2949.90087890625
177.72,2949.90087890625
177.78,2949.90087890625
177.84,2949.90087890625
177.9,2949.90087890625
177.96,2949.90087890625
178.02,2949.90087890625
178.08,2949.90087890625
178.14,2949.90087890625
178.2,2949.90087890625
178.26,2949.90087890625
178.32,2949.90087890625
178.38,2949.90087890625
178.44,2949.90087890625
178.5,2949.90087890625
178.56,2949.90087890625
178.62,2949.90087890625
178.68,2949.90087890625
178.74,2949.90087890625
178.8,2949.90087890625
178.86,2949.90087890625
178.92,2949.90087890625
178.98,2949.90087890625
179.04,2949.90087890625
179.1,2949.90087890625
179.16,2999.03247070312
179.22,2999.03247070312
179.28,2999.03247070312
179.34,2999.03247070312
179.4,2999.03247070312
179.46,2999.03247070312
179.52,2999.03247070312
179.58,2999.03247070312
179.64,2999.03247070312
179.7,2999.03247070312
179.76,2999.03247070312
179.82,2999.03247070312
179.88,2999.03247070312
179.94,2999.03247070312
180,2999.03247070312
180.06,2999.03247070312
180.12,2999.03247070312
180.18,2999.03247070312
180.24,2999.03247070312
180.3,2999.03247070312
180.36,2999.03247070312
180.42,2999.03247070312
180.48,2999.03247070312
180.54,2999.03247070312
180.6,2999.03247070312
180.66,2999.03247070312
180.72,2999.03247070312
180.78,2999.03247070312
180.84,2999.03247070312
180.9,2999.03247070312
180.96,2999.03247070312
181.02,2999.03247070312
181.08,2999.03247070312
181.14,2999.03247070312
181.2,2999.03247070312
181.26,2999.03247070312
181.32,2999.03247070312
181.38,2999.03247070312
181.44,2999.03247070312
181.5,2999.03247070312
181.56,2999.03247070312
181.62,2999.03247070312
181.68,2999.03247070312
181.74,2999.03247070312
181.8,2999.03247070312
181.86,2999.03247070312
181.92,2999.03247070312
181.98,2999.03247070312
182.04,2999.03247070312
182.1,3049.16674804688
182.16,3049.16674804688
182.22,3049.16674804688
182.28,3049.16674804688
182.34,3049.16674804688
182.4,3049.16674804688
182.46,3049.16674804688
182.52,3049.16674804688
182.58,3049.16674804688
182.64,3049.16674804688
182.7,3049.16674804688
182.76,3049.16674804688
182.82,3049.16674804688
182.88,3049.16674804688
182.94,3049.16674804688
183,3049.16674804688
183.06,3049.16674804688
183.12,3049.16674804688
183.18,3049.16674804688
183.24,3049.16674804688
183.3,3049.16674804688
183.36,3049.16674804688
183.42,3049.16674804688
183.48,3049.16674804688
183.54,3049.16674804688
183.6,3049.16674804688
183.66,3049.16674804688
183.72,3049.16674804688
183.78,3049.16674804688
183.84,3049.16674804688
183.9,3049.16674804688
183.96,3049.16674804688
184.02,3049.16674804688
184.08,3049.16674804688
184.14,3049.16674804688
184.2,3049.16674804688
184.26,3049.16674804688
184.32,3049.16674804688
184.38,3049.16674804688
184.44,3049.16674804688
184.5,3049.16674804688
184.56,3049.16674804688
184.62,3049.16674804688
184.68,3049.16674804688
184.74,3049.16674804688
184.8,3049.16674804688
184.86,3049.16674804688
184.92,3049.16674804688
184.98,3049.16674804688
185.04,3049.16674804688
185.1,3049.16674804688
185.16,3099.30102539062
185.22,3099.30102539062
185.28,3099.30102539062
185.34,3099.30102539062
185.4,3099.30102539062
185.46,3099.30102539062
185.52,3099.30102539062
185.58,3099.30102539062
185.64,3099.30102539062
185.7,3099.30102539062
185.76,3099.30102539062
185.82,3099.30102539062
185.88,3099.30102539062
185.94,3099.30102539062
186,3099.30102539062
186.06,3099.30102539062
186.12,3099.30102539062
186.18,3099.30102539062
186.24,3099.30102539062
186.3,3099.30102539062
186.36,3099.30102539062
186.42,3099.30102539062
186.48,3099.30102539062
186.54,3099.30102539062
186.6,3099.30102539062
186.66,3099.30102539062
186.72,3099.30102539062
186.78,3099.30102539062
186.84,3099.30102539062
186.9,3099.30102539062
186.96,3099.30102539062
187.02,3099.30102539062
187.08,3099.30102539062
187.14,3099.30102539062
187.2,3099.30102539062
187.26,3099.30102539062
187.32,3099.30102539062
187.38,3099.30102539062
187.44,3099.30102539062
187.5,3099.30102539062
187.56,3099.30102539062
187.62,3099.30102539062
187.68,3099.30102539062
187.74,3099.30102539062
187.8,3099.30102539062
187.86,3099.30102539062
187.92,3099.30102539062
187.98,3099.30102539062
188.04,3099.30102539062
188.1,3149.43530273438
188.16,3149.43530273438
188.22,3149.43530273438
188.28,3149.43530273438
188.34,3149.43530273438
188.4,3149.43530273438
188.46,3149.43530273438
188.52,3149.43530273438
188.58,3149.43530273438
188.64,3149.43530273438
188.7,3149.43530273438
188.76,3149.43530273438
188.82,3149.43530273438
188.88,3149.43530273438
188.94,3149.43530273438
189,3149.43530273438
189.06,3149.43530273438
189.12,3149.43530273438
189.18,3149.43530273438
189.24,3149.43530273438
189.3,3149.43530273438
189.36,3149.43530273438
189.42,3149.43530273438
189.48,3149.43530273438
189.54,3149.43530273438
189.6,3149.43530273438
189.66,3149.43530273438
189.72,3149.43530273438
189.78,3149.43530273438
189.84,3149.43530273438
189.9,3149.43530273438
189.96,3149.43530273438
190.02,3149.43530273438
190.08,3149.43530273438
190.14,3149.43530273438
190.2,3149.43530273438
190.26,3149.43530273438
190.32,3149.43530273438
190.38,3149.43530273438
190.44,3149.43530273438
190.5,3149.43530273438
190.56,3149.43530273438
190.62,3149.43530273438
190.68,3149.43530273438
190.74,3149.43530273438
190.8,3149.43530273438
190.86,3149.43530273438
190.92,3149.43530273438
190.98,3149.43530273438
191.04,3149.43530273438
191.1,3149.43530273438
191.16,3199.56958007812
191.22,3199.56958007812
191.28,3199.56958007812
191.34,3199.56958007812
191.4,3199.56958007812
191.46,3199.56958007812
191.52,3199.56958007812
191.58,3199.56958007812
191.64,3199.56958007812
191.7,3199.56958007812
191.76,3199.56958007812
191.82,3199.56958007812
191.88,3199.56958007812
191.94,3199.56958007812
192,3199.56958007812
192.06,3199.56958007812
192.12,3199.56958007812
192.18,3199.56958007812
192.24,3199.56958007812
192.3,3199.56958007812
192.36,3199.56958007812
192.42,3199.56958007812
192.48,3199.56958007812
192.54,3199.56958007812
192.6,3199.56958007812
192.66,3199.56958007812
192.72,3199.56958007812
192.78,3199.56958007812
192.84,3199.56958007812
192.9,3199.56958007812
192.96,3199.56958007812
193.02,3199.56958007812
193.08,3199.56958007812
193.14,3199.56958007812
193.2,3199.56958007812
193.26,3199.56958007812
193.32,3199.56958007812
193.38,3199.56958007812
193.44,3199.56958007812
193.5,3199.56958007812
193.56,3199.56958007812
193.62,3199.56958007812
193.68,3199.56958007812
193.74,3199.56958007812
193.8,3199.56958007812
193.86,3199.56958007812
193.92,3199.56958007812
193.98,3199.56958007812
194.04,3199.56958007812
194.1,3249.70385742188
194.16,3249.70385742188
194.22,3249.70385742188
194.28,3249.70385742188
194.34,3249.70385742188
194.4,3249.70385742188
194.46,3249.70385742188
194.52,3249.70385742188
194.58,3249.70385742188
194.64,3249.70385742188
194.7,3249.70385742188
194.76,3249.70385742188
194.82,3249.70385742188
194.88,3249.70385742188
194.94,3249.70385742188
195,3249.70385742188
195.06,3249.70385742188
195.12,3249.70385742188
195.18,3249.70385742188
195.24,3249.70385742188
195.3,3249.70385742188
195.36,3249.70385742188
195.42,3249.70385742188
195.48,3249.70385742188
195.54,3249.70385742188
195.6,3249.70385742188
195.66,3249.70385742188
195.72,3249.70385742188
195.78,3249.70385742188
195.84,3249.70385742188
195.9,3249.70385742188
195.96,3249.70385742188
196.02,3249.70385742188
196.08,3249.70385742188
196.14,3249.70385742188
196.2,3249.70385742188
196.26,3249.70385742188
196.32,3249.70385742188
196.38,3249.70385742188
196.44,3249.70385742188
196.5,3249.70385742188
196.56,3249.70385742188
196.62,3249.70385742188
196.68,3249.70385742188
196.74,3249.70385742188
196.8,3249.70385742188
196.86,3249.70385742188
196.92,3249.70385742188
196.98,3249.70385742188
197.04,3249.70385742188
197.1,3249.70385742188
197.16,3299.83813476562
197.22,3299.83813476562
197.28,3299.83813476562
197.34,3299.83813476562
197.4,3299.83813476562
197.46,3299.83813476562
197.52,3299.83813476562
197.58,3299.83813476562
197.64,3299.83813476562
197.7,3299.83813476562
197.76,3299.83813476562
197.82,3299.83813476562
197.88,3299.83813476562
197.94,3299.83813476562
198,3299.83813476562
198.06,3299.83813476562
198.12,3299.83813476562
198.18,3299.83813476562
198.24,3299.83813476562
198.3,3299.83813476562
198.36,3299.83813476562
198.42,3299.83813476562
198.48,3299.83813476562
198.54,3299.83813476562
198.6,3299.83813476562
198.66,3299.83813476562
198.72,3299.83813476562
198.78,3299.83813476562
198.84,3299.83813476562
198.9,3299.83813476562
198.96,3299.83813476562
199.02,3299.83813476562
199.08,3299.83813476562
199.14,3299.83813476562
199.2,3299.83813476562
199.26,3299.83813476562
199.32,3299.83813476562
199.38,3299.83813476562
199.44,3299.83813476562
199.5,3299.83813476562
199.56,3299.83813476562
199.62,3299.83813476562
199.68,3299.83813476562
199.74,3299.83813476562
199.8,3299.83813476562
199.86,3299.83813476562
199.92,3299.83813476562
199.98,3299.83813476562
200.04,3299.83813476562
200.1,3349.97241210938
200.16,3349.97241210938
200.22,3349.97241210938
200.28,3349.97241210938
200.34,3349.97241210938
200.4,3349.97241210938
200.46,3349.97241210938
200.52,3349.97241210938
200.58,3349.97241210938
200.64,3349.97241210938
200.7,3349.97241210938
200.76,3349.97241210938
200.82,3349.97241210938
200.88,3349.97241210938
200.94,3349.97241210938
201,3349.97241210938
201.06,3349.97241210938
201.12,3349.97241210938
201.18,3349.97241210938
201.24,3349.97241210938
201.3,3349.97241210938
201.36,3349.97241210938
201.42,3349.97241210938
201.48,3349.97241210938
201.54,3349.97241210938
201.6,3349.97241210938
201.66,3349.97241210938
201.72,3349.97241210938
201.78,3349.97241210938
201.84,3349.97241210938
201.9,3349.97241210938
201.96,3349.97241210938
202.02,3349.97241210938
202.08,3349.97241210938
202.14,3349.97241210938
202.2,3349.97241210938
202.26,3349.97241210938
202.32,3349.97241210938
202.38,3349.97241210938
202.44,3349.97241210938
202.5,3349.97241210938
202.56,3349.97241210938
202.62,3349.97241210938
202.68,3349.97241210938
202.74,3349.97241210938
202.8,3349.97241210938
202.86,3349.97241210938
202.92,3349.97241210938
202.98,3349.97241210938
203.04,3349.97241210938
203.1,3349.97241210938
203.16,3399.10400390625
203.22,3399.10400390625
203.28,3399.10400390625
203.34,3399.10400390625
203.4,3399.10400390625
203.46,3399.10400390625
203.52,3399.10400390625
203.58,3399.10400390625
203.64,3399.10400390625
203.7,3399.10400390625
203.76,3399.10400390625
203.82,3399.10400390625
203.88,3399.10400390625
203.94,3399.10400390625
204,3399.10400390625
204.06,3399.10400390625
204.12,3399.10400390625
204.18,3399.10400390625
204.24,3399.10400390625
204.3,3399.10400390625
204.36,3399.10400390625
204.42,3399.10400390625
204.48,3399.10400390625
204.54,3399.10400390625
204.6,3399.10400390625
204.66,3399.10400390625
204.72,3399.10400390625
204.78,3399.10400390625
204.84,3399.10400390625
204.9,3399.10400390625
204.96,3399.10400390625
205.02,3399.10400390625
205.08,3399.10400390625
205.14,3399.10400390625
205.2,3399.10400390625
205.26,3399.10400390625
205.32,3399.10400390625
205.38,3399.10400390625
205.44,3399.10400390625
205.5,3399.10400390625
205.56,3399.10400390625
205.62,3399.10400390625
205.68,3399.10400390625
205.74,3399.10400390625
205.8,3399.10400390625
205.86,3399.10400390625
205.92,3399.10400390625
205.98,3399.10400390625
206.04,3399.10400390625
206.1,3449.23828125
206.16,3449.23828125
206.22,3449.23828125
206.28,3449.23828125
206.34,3449.23828125
206.4,3449.23828125
206.46,3449.23828125
206.52,3449.23828125
206.58,3449.23828125
206.64,3449.23828125
206.7,3449.23828125
206.76,3449.23828125
206.82,3449.23828125
206.88,3449.23828125
206.94,3449.23828125
207,3449.23828125
207.06,3449.23828125
207.12,3449.23828125
207.18,3449.23828125
207.24,3449.23828125
207.3,3449.23828125
207.36,3449.23828125
207.42,3449.23828125
207.48,3449.23828125
207.54,3449.23828125
207.6,3449.23828125
207.66,3449.23828125
207.72,3449.23828125
207.78,3449.23828125
207.84,3449.23828125
207.9,3449.23828125
207.96,3449.23828125
208.02,3449.23828125
208.08,3449.23828125
208.14,3449.23828125
208.2,3449.23828125
208.26,3449.23828125
208.32,3449.23828125
208.38,3449.23828125
208.44,3449.23828125
208.5,3449.23828125
208.56,3449.23828125
208.62,3449.23828125
208.68,3449.23828125
208.74,3449.23828125
208.8,3449.23828125
208.86,3449.23828125
208.92,3449.23828125
208.98,3449.23828125
209.04,3449.23828125
209.1,3449.23828125
209.16,3499.37255859375
209.22,3499.37255859375
209.28,3499.37255859375
209.34,3499.37255859375
209.4,3499.37255859375
209.46,3499.37255859375
209.52,3499.37255859375
209.58,3499.37255859375
209.64,3499.37255859375
209.7,3499.37255859375
209.76,3499.37255859375
209.82,3499.37255859375
209.88,3499.37255859375
209.94,3499.37255859375
210,3499.37255859375
210.06,3499.37255859375
210.12,3499.37255859375
210.18,3499.37255859375
210.24,3499.37255859375
210.3,3499.37255859375
210.36,3499.37255859375
210.42,3499.37255859375
210.48,3499.37255859375
210.54,3499.37255859375
210.6,3499.37255859375
210.66,3499.37255859375
210.72,3499.37255859375
210.78,3499.37255859375
210.84,3499.37255859375
210.9,3499.37255859375
210.96,3499.37255859375
211.02,3499.37255859375
211.08,3499.37255859375
211.14,3499.37255859375
211.2,3499.37255859375
211.26,3499.37255859375
211.32,3499.37255859375
211.38,3499.37255859375
211.44,3499.37255859375
211.5,3499.37255859375
211.56,3499.37255859375
211.62,3499.37255859375
211.68,3499.37255859375
211.74,3499.37255859375
211.8,3499.37255859375
211.86,3499.37255859375
211.92,3499.37255859375
211.98,3499.37255859375
212.04,3499.37255859375
212.1,3499.37255859375
212.16,3549.5068359375
212.22,3549.5068359375
212.28,3549.5068359375
212.34,3549.5068359375
212.4,3549.5068359375
212.46,3549.5068359375
212.52,3549.5068359375
212.58,3549.5068359375
212.64,3549.5068359375
212.7,3549.5068359375
212.76,3549.5068359375
212.82,3549.5068359375
212.88,3549.5068359375
212.94,3549.5068359375
213,3549.5068359375
213.06,3549.5068359375
213.12,3549.5068359375
213.18,3549.5068359375
213.24,3549.5068359375
213.3,3549.5068359375
213.36,3549.5068359375
213.42,3549.5068359375
213.48,3549.5068359375
213.54,3549.5068359375
213.6,3549.5068359375
213.66,3549.5068359375
213.72,3549.5068359375
213.78,3549.5068359375
213.84,3549.5068359375
213.9,3549.5068359375
213.96,3549.5068359375
214.02,3549.5068359375
214.08,3549.5068359375
214.14,3549.5068359375
214.2,3549.5068359375
214.26,3549.5068359375
214.32,3549.5068359375
214.38,3549.5068359375
214.44,3549.5068359375
214.5,3549.5068359375
214.56,3549.5068359375
214.62,3549.5068359375
214.68,3549.5068359375
214.74,3549.5068359375
214.8,3549.5068359375
214.86,3549.5068359375
214.92,3549.5068359375
214.98,3549.5068359375
215.04,3549.5068359375
215.1,3599.64111328125
215.16,3599.64111328125
215.22,3599.64111328125
215.28,3599.64111328125
215.34,3599.64111328125
215.4,3599.64111328125
215.46,3599.64111328125
215.52,3599.64111328125
215.58,3599.64111328125
215.64,3599.64111328125
215.7,3599.64111328125
215.76,3599.64111328125
215.82,3599.64111328125
215.88,3599.64111328125
215.94,3599.64111328125
216,3599.64111328125
216.06,3599.64111328125
216.12,3599.64111328125
216.18,3599.64111328125
216.24,3599.64111328125
216.3,3599.64111328125
216.36,3599.64111328125
216.42,3599.64111328125
216.48,3599.64111328125
216.54,3599.64111328125
216.6,3599.64111328125
216.66,3599.64111328125
216.72,3599.64111328125
216.78,3599.64111328125
216.84,3599.64111328125
216.9,3599.64111328125
216.96,3599.64111328125
217.02,3599.64111328125
217.08,3599.64111328125
217.14,3599.64111328125
217.2,3599.64111328125
217.26,3599.64111328125
217.32,3599.64111328125
217.38,3599.64111328125
217.44,3599.64111328125
217.5,3599.64111328125
217.56,3599.64111328125
217.62,3599.64111328125
217.68,3599.64111328125
217.74,3599.64111328125
217.8,3599.64111328125
217.86,3599.64111328125
217.92,3599.64111328125
217.98,3599.64111328125
218.04,3599.64111328125
218.1,3599.64111328125
218.16,3649.775390625
218.22,3649.775390625
218.28,3649.775390625
218.34,3649.775390625
218.4,3649.775390625
218.46,3649.775390625
218.52,3649.775390625
218.58,3649.775390625
218.64,3649.775390625
218.7,3649.775390625
218.76,3649.775390625
218.82,3649.775390625
218.88,3649.775390625
218.94,3649.775390625
219,3649.775390625
219.06,3649.775390625
219.12,3649.775390625
219.18,3649.775390625
219.24,3649.775390625
219.3,3649.775390625
219.36,3649.775390625
219.42,3649.775390625
219.48,3649.775390625
219.54,3649.775390625
219.6,3649.775390625
219.66,3649.775390625
219.72,3649.775390625
219.78,3649.775390625
219.84,3649.775390625
219.9,3649.775390625
219.96,3649.775390625
220.02,3649.775390625
220.08,3649.775390625
220.14,3649.775390625
220.2,3649.775390625
220.26,3649.775390625
220.32,3649.775390625
220.38,3649.775390625
220.44,3649.775390625
220.5,3649.775390625
220.56,3649.775390625
220.62,3649.775390625
220.68,3649.775390625
220.74,3649.775390625
220.8,3649.775390625
220.86,3649.775390625
220.92,3649.775390625
220.98,3649.775390625
221.04,3649.775390625
221.1,3699.90966796875
221.16,3699.90966796875
221.22,3699.90966796875
221.28,3699.90966796875
221.34,3699.90966796875
221.4,3699.90966796875
221.46,3699.90966796875
221.52,3699.90966796875
221.58,3699.90966796875
221.64,3699.90966796875
221.7,3699.90966796875
221.76,3699.90966796875
221.82,3699.90966796875
221.88,3699.90966796875
221.94,3699.90966796875
222,3699.90966796875
222.06,3699.90966796875
222.12,3699.90966796875
222.18,3699.90966796875
222.24,3699.90966796875
222.3,3699.90966796875
222.36,3699.90966796875
222.42,3699.90966796875
222.48,3699.90966796875
222.54,3699.90966796875
222.6,3699.90966796875
222.66,3699.90966796875
222.72,3699.90966796875
222.78,3699.90966796875
222.84,3699.90966796875
222.9,3699.90966796875
222.96,3699.90966796875
223.02,3699.90966796875
223.08,3699.90966796875
223.14,3699.90966796875
223.2,3699.90966796875
223.26,3699.90966796875
223.32,3699.90966796875
223.38,3699.90966796875
223.44,3699.90966796875
223.5,3699.90966796875
223.56,3699.90966796875
223.62,3699.90966796875
223.68,3699.90966796875
223.74,3699.90966796875
223.8,3699.90966796875
223.86,3699.90966796875
223.92,3699.90966796875
223.98,3699.90966796875
224.04,3699.90966796875
224.1,3699.90966796875
224.16,3749.04125976562
224.22,3749.04125976562
224.28,3749.04125976562
224.34,3749.04125976562
224.4,3749.04125976562
224.46,3749.04125976562
224.52,3749.04125976562
224.58,3749.04125976562
224.64,3749.04125976562
224.7,3749.04125976562
224.76,3749.04125976562
224.82,3749.04125976562
224.88,3749.04125976562
224.94,3749.04125976562
225,3749.04125976562
225.06,3749.04125976562
225.12,3749.04125976562
225.18,3749.04125976562
225.24,3749.04125976562
225.3,3749.04125976562
225.36,3749.04125976562
225.42,3749.04125976562
225.48,3749.04125976562
225.54,3749.04125976562
225.6,3749.04125976562
225.66,3749.04125976562
225.72,3749.04125976562
225.78,3749.04125976562
225.84,3749.04125976562
225.9,3749.04125976562
225.96,3749.04125976562
226.02,3749.04125976562
226.08,3749.04125976562
226.14,3749.04125976562
226.2,3749.04125976562
226.26,3749.04125976562
226.32,3749.04125976562
226.38,3749.04125976562
226.44,3749.04125976562
226.5,3749.04125976562
226.56,3749.04125976562
226.62,3749.04125976562
226.68,3749.04125976562
226.74,3749.04125976562
226.8,3749.04125976562
226.86,3749.04125976562
226.92,3749.04125976562
226.98,3749.04125976562
227.04,3749.04125976562
227.1,3799.17553710938
227.16,3799.17553710938
227.22,3799.17553710938
227.28,3799.17553710938
227.34,3799.17553710938
227.4,3799.17553710938
227.46,3799.17553710938
227.52,3799.17553710938
227.58,3799.17553710938
227.64,3799.17553710938
227.7,3799.17553710938
227.76,3799.17553710938
227.82,3799.17553710938
227.88,3799.17553710938
227.94,3799.17553710938
228,3799.17553710938
228.06,3799.17553710938
228.12,3799.17553710938
228.18,3799.17553710938
228.24,3799.17553710938
228.3,3799.17553710938
228.36,3799.17553710938
228.42,3799.17553710938
228.48,3799.17553710938
228.54,3799.17553710938
228.6,3799.17553710938
228.66,3799.17553710938
228.72,3799.17553710938
228.78,3799.17553710938
228.84,3799.17553710938
228.9,3799.17553710938
228.96,3799.17553710938
229.02,3799.17553710938
229.08,3799.17553710938
229.14,3799.17553710938
229.2,3799.17553710938
229.26,3799.17553710938
229.32,3799.17553710938
229.38,3799.17553710938
229.44,3799.17553710938
229.5,3799.17553710938
229.56,3799.17553710938
229.62,3799.17553710938
229.68,3799.17553710938
229.74,3799.17553710938
229.8,3799.17553710938
229.86,3799.17553710938
229.92,3799.17553710938
229.98,3799.17553710938
230.04,3799.17553710938
230.1,3799.17553710938
230.16,3849.30981445312
230.22,3849.30981445312
230.28,3849.30981445312
230.34,3849.30981445312
230.4,3849.30981445312
230.46,3849.30981445312
230.52,3849.30981445312
230.58,3849.30981445312
230.64,3849.30981445312
230.7,3849.30981445312
230.76,3849.30981445312
230.82,3849.30981445312
230.88,3849.30981445312
230.94,3849.30981445312
231,3849.30981445312
231.06,3849.30981445312
231.12,3849.30981445312
231.18,3849.30981445312
231.24,3849.30981445312
231.3,3849.30981445312
231.36,3849.30981445312
231.42,3849.30981445312
231.48,3849.30981445312
231.54,3849.30981445312
231.6,3849.30981445312
231.66,3849.30981445312
231.72,3849.30981445312
231.78,3849.30981445312
231.84,3849.30981445312
231.9,3849.30981445312
231.96,3849.30981445312
232.02,3849.30981445312
232.08,3849.30981445312
232.14,3849.30981445312
232.2,3849.30981445312
232.26,3849.30981445312
232.32,3849.30981445312
232.38,3849.30981445312
232.44,3849.30981445312
232.5,3849.30981445312
232.56,3849.30981445312
232.62,3849.30981445312
232.68,3849.30981445312
232.74,3849.30981445312
232.8,3849.30981445312
232.86,3849.30981445312
232.92,3849.30981445312
232.98,3849.30981445312
233.04,3849.30981445312
233.1,3899.44409179688
233.16,3899.44409179688
233.22,3899.44409179688
233.28,3899.44409179688
233.34,3899.44409179688
233.4,3899.44409179688
233.46,3899.44409179688
233.52,3899.44409179688
233.58,3899.44409179688
233.64,3899.44409179688
233.7,3899.44409179688
233.76,3899.44409179688
233.82,3899.44409179688
233.88,3899.44409179688
233.94,3899.44409179688
234,3899.44409179688
234.06,3899.44409179688
234.12,3899.44409179688
234.18,3899.44409179688
234.24,3899.44409179688
234.3,3899.44409179688
234.36,3899.44409179688
234.42,3899.44409179688
234.48,3899.44409179688
234.54,3899.44409179688
234.6,3899.44409179688
234.66,3899.44409179688
234.72,3899.44409179688
234.78,3899.44409179688
234.84,3899.44409179688
234.9,3899.44409179688
234.96,3899.44409179688
235.02,3899.44409179688
235.08,3899.44409179688
235.14,3899.44409179688
235.2,3899.44409179688
235.26,3899.44409179688
235.32,3899.44409179688
235.38,3899.44409179688
235.44,3899.44409179688
235.5,3899.44409179688
235.56,3899.44409179688
235.62,3899.44409179688
235.68,3899.44409179688
235.74,3899.44409179688
235.8,3899.44409179688
235.86,3899.44409179688
235.92,3899.44409179688
235.98,3899.44409179688
236.04,3899.44409179688
236.1,3899.44409179688
236.16,3949.57836914062
236.22,3949.57836914062
236.28,3949.57836914062
236.34,3949.57836914062
236.4,3949.57836914062
236.46,3949.57836914062
236.52,3949.57836914062
236.58,3949.57836914062
236.64,3949.57836914062
236.7,3949.57836914062
236.76,3949.57836914062
236.82,3949.57836914062
236.88,3949.57836914062
236.94,3949.57836914062
237,3949.57836914062
237.06,3949.57836914062
237.12,3949.57836914062
237.18,3949.57836914062
237.24,3949.57836914062
237.3,3949.57836914062
237.36,3949.57836914062
237.42,3949.57836914062
237.48,3949.57836914062
237.54,3949.57836914062
237.6,3949.57836914062
237.66,3949.57836914062
237.72,3949.57836914062
237.78,3949.57836914062
237.84,3949.57836914062
237.9,3949.57836914062
237.96,3949.57836914062
238.02,3949.57836914062
238.08,3949.57836914062
238.14,3949.57836914062
238.2,3949.57836914062
238.26,3949.57836914062
238.32,3949.57836914062
238.38,3949.57836914062
238.44,3949.57836914062
238.5,3949.57836914062
238.56,3949.57836914062
238.62,3949.57836914062
238.68,3949.57836914062
238.74,3949.57836914062
238.8,3949.57836914062
238.86,3949.57836914062
238.92,3949.57836914062
238.98,3949.57836914062
239.04,3949.57836914062
239.1,3999.71264648438
239.16,3999.71264648438
239.22,3999.71264648438
239.28,3999.71264648438
239.34,3999.71264648438
239.4,3999.71264648438
239.46,3999.71264648438
239.52,3999.71264648438
239.58,3999.71264648438
239.64,3999.71264648438
239.7,3999.71264648438
239.76,3999.71264648438
239.82,3999.71264648438
239.88,3999.71264648438
239.94,3999.71264648438
240,3999.71264648438
240.06,3999.71264648438
240.12,3999.71264648438
240.18,3999.71264648438
240.24,3999.71264648438
240.3,3999.71264648438
240.36,3999.71264648438
240.42,3999.71264648438
240.48,3999.71264648438
240.54,3999.71264648438
240.6,3999.71264648438
240.66,3999.71264648438
240.72,3999.71264648438
240.78,3999.71264648438
240.84,3999.71264648438
240.9,3999.71264648438
240.96,3999.71264648438
241.02,3999.71264648438
